source,target,shared_points_count,shared_sample_indices
cube3_cluster0,cube4_cluster2,9,"[195, 333, 1711, 4531, 4918, 5178, 5354, 5459, 5921]"
cube10_cluster0,cube3_cluster0,1,[5921]
cube10_cluster2,cube3_cluster0,12,"[195, 333, 1711, 1907, 3291, 4531, 4897, 4918, 5178, 5354, 5459, 5695]"
cube11_cluster0,cube3_cluster0,1,[5921]
cube11_cluster1,cube3_cluster0,8,"[195, 333, 1711, 4531, 4918, 5178, 5354, 5459]"
cube3_cluster1,cube4_cluster3,3,"[1448, 4444, 5206]"
cube10_cluster0,cube3_cluster1,3,"[1448, 4444, 5206]"
cube11_cluster0,cube3_cluster1,3,"[1448, 4444, 5206]"
cube3_cluster2,cube4_cluster5,4,"[252, 3286, 4887, 5611]"
cube10_cluster0,cube3_cluster2,4,"[252, 3286, 4887, 5611]"
cube11_cluster0,cube3_cluster2,4,"[252, 3286, 4887, 5611]"
cube4_cluster0,cube5_cluster0,67,"[161, 171, 187, 455, 1073, 1380, 1575, 1658, 1708, 1903, 2112, 2183, 2332, 2345, 2371, 2379, 2419, 2566, 2576, 2622, 2653, 2699, 2745, 2804, 2868, 2905, 2929, 2933, 3089, 3091, 3253, 3265, 3292, 3454, 3493, 3654, 3756, 4390, 4441, 4557, 4571, 4589, 4637, 4690, 4732, 4841, 4994, 4996, 5142, 5175, 5319, 5427, 5432, 5525, 5534, 5540, 5610, 5652, 5746, 5905, 5988, 6040, 6043, 6127, 6131, 6134, 6171]"
cube11_cluster0,cube4_cluster0,75,"[161, 171, 187, 455, 1073, 1380, 1502, 1575, 1658, 1708, 1767, 1903, 2112, 2183, 2332, 2345, 2371, 2379, 2414, 2419, 2420, 2566, 2576, 2622, 2653, 2699, 2745, 2804, 2868, 2905, 2929, 2933, 3089, 3091, 3253, 3265, 3292, 3454, 3493, 3654, 3756, 4390, 4441, 4557, 4571, 4589, 4637, 4687, 4690, 4732, 4841, 4994, 4996, 5115, 5142, 5175, 5317, 5319, 5427, 5432, 5525, 5534, 5540, 5610, 5652, 5746, 5905, 5939, 5988, 6040, 6043, 6127, 6131, 6134, 6171]"
cube12_cluster0,cube4_cluster0,67,"[161, 171, 187, 455, 1073, 1380, 1575, 1658, 1708, 1903, 2112, 2183, 2332, 2345, 2371, 2379, 2419, 2566, 2576, 2622, 2653, 2699, 2745, 2804, 2868, 2905, 2929, 2933, 3089, 3091, 3253, 3265, 3292, 3454, 3493, 3654, 3756, 4390, 4441, 4557, 4571, 4589, 4637, 4690, 4732, 4841, 4994, 4996, 5142, 5175, 5319, 5427, 5432, 5525, 5534, 5540, 5610, 5652, 5746, 5905, 5988, 6040, 6043, 6127, 6131, 6134, 6171]"
cube10_cluster0,cube4_cluster2,1,[5921]
cube10_cluster2,cube4_cluster2,8,"[195, 333, 1711, 4531, 4918, 5178, 5354, 5459]"
cube11_cluster0,cube4_cluster2,1,[5921]
cube11_cluster1,cube4_cluster2,8,"[195, 333, 1711, 4531, 4918, 5178, 5354, 5459]"
cube10_cluster0,cube4_cluster3,3,"[1448, 4444, 5206]"
cube11_cluster0,cube4_cluster3,3,"[1448, 4444, 5206]"
cube11_cluster2,cube4_cluster4,6,"[1941, 2592, 2618, 2930, 4604, 5265]"
cube10_cluster0,cube4_cluster5,4,"[252, 3286, 4887, 5611]"
cube11_cluster0,cube4_cluster5,6,"[252, 355, 3286, 4887, 5318, 5611]"
cube11_cluster0,cube5_cluster0,67,"[161, 171, 187, 455, 1073, 1380, 1575, 1658, 1708, 1903, 2112, 2183, 2332, 2345, 2371, 2379, 2419, 2566, 2576, 2622, 2653, 2699, 2745, 2804, 2868, 2905, 2929, 2933, 3089, 3091, 3253, 3265, 3292, 3454, 3493, 3654, 3756, 4390, 4441, 4557, 4571, 4589, 4637, 4690, 4732, 4841, 4994, 4996, 5142, 5175, 5319, 5427, 5432, 5525, 5534, 5540, 5610, 5652, 5746, 5905, 5988, 6040, 6043, 6127, 6131, 6134, 6171]"
cube12_cluster0,cube5_cluster0,140,"[36, 59, 103, 108, 135, 161, 163, 171, 187, 191, 192, 405, 454, 455, 489, 903, 1073, 1298, 1380, 1548, 1575, 1588, 1589, 1612, 1658, 1708, 1818, 1903, 2112, 2128, 2183, 2227, 2258, 2265, 2290, 2332, 2345, 2371, 2379, 2419, 2449, 2490, 2498, 2524, 2558, 2563, 2566, 2569, 2576, 2580, 2600, 2601, 2604, 2622, 2623, 2638, 2646, 2651, 2653, 2699, 2707, 2708, 2722, 2745, 2804, 2855, 2868, 2905, 2909, 2914, 2929, 2933, 2943, 3089, 3091, 3173, 3240, 3253, 3265, 3292, 3318, 3396, 3398, 3454, 3493, 3654, 3756, 4072, 4372, 4390, 4438, 4441, 4557, 4559, 4560, 4571, 4589, 4595, 4637, 4666, 4690, 4732, 4770, 4790, 4841, 4920, 4994, 4996, 5142, 5175, 5319, 5418, 5427, 5432, 5439, 5456, 5501, 5525, 5534, 5540, 5610, 5613, 5652, 5676, 5746, 5870, 5905, 5944, 5988, 6040, 6043, 6056, 6082, 6100, 6127, 6131, 6134, 6138, 6171, 6206]"
cube12_cluster1,cube5_cluster1,4,"[458, 2289, 5119, 5605]"
cube8_cluster0,cube9_cluster0,51,"[91, 93, 159, 208, 213, 263, 275, 286, 290, 1624, 1841, 2936, 3020, 3027, 4137, 4140, 4219, 4273, 4891, 4892, 4895, 4911, 4912, 4913, 4916, 4919, 5226, 5282, 5331, 5362, 5477, 5481, 5486, 5514, 5530, 5659, 5670, 5681, 5690, 5823, 5824, 5827, 5840, 5893, 5898, 5901, 5917, 5928, 5932, 6225, 6226]"
cube17_cluster0,cube8_cluster0,48,"[93, 159, 206, 208, 263, 275, 286, 290, 372, 1624, 2936, 3020, 3022, 3027, 4137, 4140, 4219, 4273, 4891, 4892, 4911, 4916, 4919, 5139, 5153, 5282, 5331, 5335, 5362, 5477, 5481, 5486, 5530, 5659, 5670, 5681, 5690, 5823, 5824, 5827, 5840, 5849, 5893, 5901, 5917, 5928, 5932, 6226]"
cube18_cluster0,cube8_cluster0,41,"[93, 159, 208, 263, 275, 286, 290, 1624, 2936, 3020, 3027, 4137, 4140, 4219, 4273, 4891, 4892, 4911, 4916, 4919, 5282, 5331, 5362, 5477, 5481, 5486, 5530, 5659, 5670, 5681, 5690, 5823, 5824, 5827, 5840, 5893, 5901, 5917, 5928, 5932, 6226]"
cube10_cluster0,cube9_cluster0,243,"[31, 54, 104, 168, 189, 226, 249, 269, 279, 300, 302, 310, 311, 314, 331, 346, 357, 369, 511, 771, 1002, 1016, 1035, 1057, 1441, 1445, 1449, 1458, 1470, 1484, 1486, 1489, 1490, 1494, 1498, 1499, 1513, 1537, 1573, 1590, 1622, 1627, 1630, 1642, 1646, 1655, 1659, 1689, 1712, 1713, 1722, 1725, 1745, 1746, 1751, 1752, 1762, 1800, 1801, 1802, 1815, 1823, 1824, 1828, 1854, 1856, 1861, 1866, 1878, 1893, 2083, 2097, 2144, 2161, 2166, 2180, 2192, 2221, 2241, 2260, 2335, 2363, 2401, 2413, 2422, 2442, 2464, 2468, 2473, 2477, 2478, 2483, 2565, 2571, 2579, 2588, 2611, 2616, 2652, 2666, 2894, 2944, 3046, 3072, 3078, 3128, 3136, 3141, 3145, 3167, 3171, 3212, 3279, 3297, 3327, 3357, 3359, 3394, 3402, 3482, 3491, 3520, 3546, 3562, 3564, 3582, 3594, 3603, 3611, 3631, 3644, 3645, 3662, 3668, 3687, 3723, 3733, 3735, 3753, 3772, 3779, 3797, 3800, 3834, 3842, 3857, 3865, 3878, 3884, 3918, 3919, 3939, 3940, 4013, 4025, 4040, 4047, 4087, 4181, 4182, 4183, 4199, 4240, 4262, 4278, 4291, 4333, 4383, 4393, 4534, 4542, 4591, 4593, 4611, 4624, 4639, 4640, 4668, 4670, 4748, 4755, 4845, 4857, 4900, 4902, 4909, 5154, 5224, 5227, 5233, 5243, 5267, 5280, 5313, 5333, 5339, 5370, 5387, 5389, 5403, 5404, 5416, 5430, 5436, 5452, 5457, 5471, 5484, 5520, 5533, 5551, 5581, 5628, 5637, 5651, 5658, 5678, 5682, 5707, 5710, 5713, 5740, 5775, 5779, 5784, 5797, 5801, 5807, 5809, 5830, 5861, 5865, 5875, 5883, 5894, 5908, 5924, 5937, 5942, 5956, 5957, 6151, 6180]"
cube10_cluster1,cube9_cluster0,12,"[173, 207, 216, 221, 282, 1485, 1681, 4889, 4896, 4907, 5860, 5911]"
cube17_cluster0,cube9_cluster0,42,"[93, 159, 208, 263, 275, 286, 290, 1624, 2936, 3020, 3027, 3107, 4137, 4140, 4219, 4273, 4891, 4892, 4911, 4916, 4919, 5282, 5331, 5362, 5477, 5481, 5486, 5530, 5659, 5670, 5681, 5690, 5823, 5824, 5827, 5840, 5893, 5901, 5917, 5928, 5932, 6226]"
cube18_cluster0,cube9_cluster0,321,"[31, 54, 93, 104, 159, 189, 208, 210, 226, 249, 253, 263, 268, 275, 279, 284, 286, 290, 302, 307, 310, 314, 331, 334, 343, 346, 357, 369, 371, 771, 1002, 1016, 1019, 1035, 1057, 1441, 1445, 1449, 1456, 1458, 1470, 1481, 1484, 1489, 1490, 1491, 1496, 1498, 1499, 1513, 1537, 1573, 1586, 1590, 1622, 1623, 1624, 1627, 1630, 1642, 1646, 1655, 1659, 1689, 1703, 1712, 1713, 1722, 1725, 1745, 1747, 1751, 1752, 1801, 1802, 1803, 1815, 1823, 1828, 1854, 1855, 1856, 1859, 1861, 1866, 1878, 1881, 1893, 1900, 1909, 2083, 2097, 2144, 2145, 2161, 2166, 2180, 2192, 2221, 2241, 2260, 2335, 2363, 2401, 2413, 2422, 2442, 2464, 2468, 2473, 2478, 2483, 2565, 2577, 2579, 2588, 2611, 2616, 2652, 2654, 2655, 2666, 2736, 2894, 2936, 2944, 3020, 3027, 3046, 3072, 3078, 3107, 3136, 3141, 3167, 3212, 3228, 3279, 3298, 3299, 3327, 3359, 3394, 3402, 3482, 3491, 3520, 3546, 3562, 3564, 3582, 3591, 3594, 3603, 3611, 3632, 3644, 3645, 3662, 3666, 3687, 3723, 3733, 3735, 3753, 3771, 3772, 3779, 3797, 3800, 3834, 3842, 3843, 3857, 3865, 3866, 3878, 3884, 3918, 3919, 3939, 3940, 4013, 4025, 4040, 4047, 4087, 4137, 4140, 4181, 4182, 4183, 4199, 4200, 4219, 4240, 4262, 4272, 4273, 4278, 4291, 4293, 4315, 4333, 4383, 4393, 4464, 4485, 4530, 4534, 4542, 4591, 4593, 4611, 4624, 4630, 4639, 4640, 4668, 4670, 4675, 4748, 4755, 4845, 4891, 4892, 4899, 4902, 4903, 4911, 4916, 4919, 5154, 5156, 5224, 5227, 5233, 5243, 5253, 5267, 5280, 5282, 5313, 5331, 5333, 5339, 5362, 5384, 5387, 5388, 5389, 5403, 5404, 5414, 5416, 5436, 5440, 5451, 5452, 5457, 5460, 5466, 5467, 5471, 5477, 5481, 5484, 5486, 5520, 5530, 5533, 5546, 5551, 5574, 5584, 5637, 5644, 5651, 5659, 5670, 5678, 5681, 5682, 5683, 5685, 5690, 5707, 5710, 5776, 5798, 5801, 5803, 5807, 5809, 5823, 5824, 5827, 5830, 5840, 5861, 5865, 5871, 5873, 5875, 5883, 5884, 5893, 5901, 5908, 5917, 5928, 5929, 5932, 5937, 5942, 5951, 5956, 5957, 6151, 6180, 6226]"
cube19_cluster0,cube9_cluster0,207,"[31, 54, 104, 189, 226, 249, 279, 302, 310, 314, 331, 346, 357, 369, 771, 1002, 1016, 1035, 1057, 1441, 1445, 1449, 1458, 1470, 1484, 1489, 1490, 1498, 1499, 1513, 1537, 1573, 1590, 1622, 1627, 1630, 1642, 1646, 1655, 1659, 1689, 1712, 1713, 1722, 1725, 1745, 1751, 1752, 1801, 1802, 1815, 1823, 1828, 1854, 1856, 1861, 1866, 1878, 1893, 2083, 2097, 2144, 2161, 2166, 2180, 2192, 2221, 2241, 2260, 2335, 2363, 2401, 2413, 2422, 2442, 2464, 2468, 2473, 2478, 2483, 2565, 2579, 2588, 2611, 2616, 2652, 2666, 2894, 2944, 3046, 3072, 3078, 3136, 3141, 3167, 3212, 3279, 3327, 3359, 3394, 3402, 3482, 3491, 3520, 3546, 3562, 3564, 3582, 3594, 3603, 3611, 3644, 3645, 3662, 3687, 3723, 3733, 3735, 3753, 3772, 3779, 3797, 3800, 3834, 3842, 3857, 3865, 3878, 3884, 3918, 3919, 3939, 3940, 4013, 4025, 4040, 4047, 4087, 4181, 4182, 4183, 4199, 4240, 4262, 4278, 4291, 4333, 4383, 4393, 4534, 4542, 4591, 4593, 4611, 4624, 4639, 4640, 4668, 4670, 4748, 4755, 4845, 4902, 5154, 5224, 5227, 5233, 5243, 5267, 5280, 5313, 5333, 5339, 5387, 5389, 5403, 5404, 5416, 5436, 5452, 5457, 5471, 5484, 5520, 5533, 5551, 5637, 5651, 5678, 5682, 5707, 5710, 5801, 5807, 5809, 5830, 5861, 5865, 5875, 5883, 5908, 5937, 5942, 5956, 5957, 6151, 6180]"
cube10_cluster0,cube11_cluster0,856,"[39, 114, 117, 119, 120, 127, 129, 132, 134, 137, 138, 146, 147, 148, 150, 152, 158, 165, 167, 169, 176, 182, 228, 252, 257, 281, 309, 322, 367, 373, 374, 376, 382, 385, 394, 398, 407, 414, 422, 439, 456, 472, 479, 482, 484, 486, 509, 513, 515, 546, 549, 562, 565, 573, 582, 588, 590, 616, 631, 638, 640, 676, 693, 715, 741, 761, 767, 768, 773, 781, 808, 844, 857, 867, 874, 888, 894, 918, 945, 951, 952, 973, 997, 1007, 1014, 1054, 1055, 1079, 1112, 1116, 1145, 1155, 1159, 1186, 1191, 1209, 1243, 1246, 1295, 1317, 1352, 1369, 1375, 1406, 1421, 1435, 1437, 1448, 1452, 1459, 1463, 1467, 1476, 1482, 1507, 1511, 1512, 1514, 1519, 1522, 1524, 1525, 1526, 1529, 1531, 1532, 1534, 1535, 1539, 1540, 1545, 1550, 1553, 1555, 1559, 1562, 1568, 1571, 1572, 1591, 1592, 1594, 1596, 1598, 1599, 1606, 1610, 1611, 1631, 1636, 1638, 1639, 1645, 1647, 1653, 1664, 1668, 1670, 1671, 1673, 1678, 1680, 1687, 1696, 1702, 1719, 1728, 1729, 1730, 1735, 1743, 1750, 1753, 1757, 1759, 1763, 1766, 1769, 1773, 1774, 1776, 1777, 1778, 1781, 1783, 1784, 1787, 1792, 1794, 1805, 1807, 1808, 1811, 1812, 1816, 1817, 1820, 1821, 1825, 1829, 1831, 1832, 1836, 1860, 1862, 1874, 1886, 1892, 1894, 1896, 1901, 2104, 2115, 2121, 2132, 2149, 2150, 2156, 2178, 2179, 2187, 2194, 2202, 2208, 2214, 2216, 2228, 2238, 2242, 2246, 2250, 2271, 2275, 2276, 2281, 2283, 2291, 2296, 2302, 2304, 2305, 2307, 2308, 2310, 2315, 2319, 2321, 2323, 2329, 2331, 2339, 2342, 2343, 2344, 2348, 2351, 2357, 2361, 2367, 2391, 2402, 2409, 2424, 2426, 2427, 2428, 2431, 2437, 2441, 2445, 2453, 2454, 2463, 2471, 2484, 2487, 2496, 2497, 2501, 2514, 2526, 2529, 2543, 2549, 2551, 2562, 2564, 2578, 2581, 2583, 2603, 2615, 2625, 2627, 2630, 2632, 2636, 2637, 2661, 2664, 2673, 2676, 2691, 2696, 2700, 2706, 2715, 2727, 2738, 2744, 2776, 2780, 2790, 2816, 2821, 2843, 2858, 2861, 2865, 2870, 2880, 2899, 2904, 2906, 2919, 2920, 2927, 2937, 2938, 2939, 2941, 2946, 2951, 2963, 2971, 2975, 2988, 2989, 2993, 2996, 3007, 3009, 3017, 3031, 3047, 3049, 3054, 3062, 3064, 3071, 3074, 3075, 3082, 3083, 3085, 3086, 3090, 3092, 3099, 3116, 3120, 3123, 3127, 3130, 3131, 3134, 3135, 3139, 3140, 3144, 3151, 3152, 3154, 3157, 3165, 3166, 3175, 3190, 3196, 3203, 3206, 3208, 3218, 3223, 3227, 3232, 3233, 3234, 3239, 3246, 3254, 3256, 3257, 3259, 3262, 3264, 3266, 3268, 3281, 3286, 3293, 3308, 3311, 3317, 3324, 3326, 3329, 3331, 3335, 3340, 3341, 3344, 3348, 3349, 3354, 3361, 3367, 3369, 3370, 3373, 3378, 3380, 3392, 3397, 3401, 3403, 3407, 3409, 3411, 3412, 3414, 3423, 3427, 3428, 3433, 3434, 3436, 3441, 3443, 3447, 3449, 3458, 3462, 3463, 3467, 3486, 3489, 3490, 3497, 3501, 3504, 3506, 3507, 3514, 3519, 3521, 3522, 3529, 3545, 3550, 3553, 3560, 3567, 3568, 3569, 3573, 3578, 3585, 3596, 3600, 3605, 3606, 3609, 3615, 3617, 3623, 3624, 3626, 3635, 3637, 3640, 3646, 3649, 3652, 3657, 3658, 3664, 3670, 3680, 3684, 3696, 3699, 3700, 3703, 3706, 3718, 3729, 3730, 3738, 3741, 3745, 3760, 3761, 3767, 3783, 3792, 3796, 3798, 3802, 3805, 3806, 3812, 3822, 3830, 3833, 3835, 3838, 3839, 3840, 3852, 3855, 3858, 3863, 3872, 3887, 3892, 3896, 3900, 3901, 3907, 3914, 3920, 3922, 3927, 3930, 3944, 3947, 3956, 3959, 3962, 3966, 3969, 3999, 4009, 4012, 4017, 4023, 4024, 4026, 4029, 4034, 4037, 4054, 4061, 4062, 4078, 4084, 4085, 4088, 4094, 4105, 4107, 4108, 4118, 4130, 4131, 4132, 4141, 4143, 4153, 4156, 4162, 4165, 4167, 4176, 4179, 4180, 4184, 4190, 4207, 4210, 4211, 4215, 4238, 4247, 4252, 4255, 4259, 4265, 4280, 4283, 4289, 4295, 4308, 4317, 4319, 4320, 4323, 4324, 4329, 4336, 4344, 4360, 4361, 4363, 4375, 4377, 4384, 4387, 4389, 4391, 4397, 4406, 4407, 4436, 4439, 4442, 4444, 4450, 4461, 4462, 4466, 4469, 4476, 4482, 4484, 4488, 4507, 4509, 4511, 4514, 4516, 4519, 4524, 4535, 4538, 4550, 4551, 4569, 4572, 4573, 4574, 4576, 4579, 4590, 4592, 4598, 4599, 4602, 4607, 4613, 4619, 4625, 4634, 4650, 4655, 4663, 4667, 4671, 4673, 4676, 4677, 4681, 4682, 4695, 4700, 4704, 4708, 4709, 4715, 4716, 4728, 4737, 4738, 4739, 4741, 4750, 4751, 4767, 4771, 4781, 4782, 4783, 4784, 4787, 4795, 4796, 4806, 4811, 4819, 4821, 4824, 4829, 4833, 4847, 4865, 4875, 4876, 4887, 4974, 4995, 5114, 5146, 5161, 5166, 5169, 5170, 5173, 5174, 5176, 5181, 5183, 5189, 5191, 5192, 5193, 5194, 5196, 5197, 5198, 5206, 5209, 5211, 5213, 5214, 5218, 5221, 5231, 5236, 5241, 5246, 5269, 5270, 5273, 5275, 5278, 5279, 5286, 5288, 5290, 5293, 5308, 5310, 5320, 5325, 5336, 5338, 5344, 5346, 5360, 5363, 5368, 5373, 5374, 5376, 5391, 5396, 5401, 5402, 5408, 5410, 5413, 5419, 5435, 5445, 5469, 5470, 5488, 5502, 5528, 5529, 5532, 5537, 5541, 5559, 5560, 5566, 5576, 5596, 5602, 5606, 5611, 5623, 5626, 5640, 5646, 5648, 5653, 5662, 5665, 5669, 5672, 5677, 5684, 5717, 5733, 5744, 5750, 5752, 5754, 5757, 5760, 5762, 5763, 5764, 5772, 5773, 5774, 5777, 5782, 5790, 5794, 5815, 5816, 5822, 5832, 5838, 5846, 5847, 5859, 5891, 5897, 5899, 5900, 5907, 5913, 5915, 5921, 5925, 5934, 5943, 5960, 5961, 5962, 5963, 5965, 6001, 6014, 6019, 6033, 6046, 6061, 6063, 6068, 6070, 6089, 6108, 6116, 6121, 6130, 6137, 6144, 6160, 6162, 6174, 6179]"
cube10_cluster0,cube18_cluster0,207,"[31, 54, 104, 189, 226, 249, 279, 302, 310, 314, 331, 346, 357, 369, 771, 1002, 1016, 1035, 1057, 1441, 1445, 1449, 1458, 1470, 1484, 1489, 1490, 1498, 1499, 1513, 1537, 1573, 1590, 1622, 1627, 1630, 1642, 1646, 1655, 1659, 1689, 1712, 1713, 1722, 1725, 1745, 1751, 1752, 1801, 1802, 1815, 1823, 1828, 1854, 1856, 1861, 1866, 1878, 1893, 2083, 2097, 2144, 2161, 2166, 2180, 2192, 2221, 2241, 2260, 2335, 2363, 2401, 2413, 2422, 2442, 2464, 2468, 2473, 2478, 2483, 2565, 2579, 2588, 2611, 2616, 2652, 2666, 2894, 2944, 3046, 3072, 3078, 3136, 3141, 3167, 3212, 3279, 3327, 3359, 3394, 3402, 3482, 3491, 3520, 3546, 3562, 3564, 3582, 3594, 3603, 3611, 3644, 3645, 3662, 3687, 3723, 3733, 3735, 3753, 3772, 3779, 3797, 3800, 3834, 3842, 3857, 3865, 3878, 3884, 3918, 3919, 3939, 3940, 4013, 4025, 4040, 4047, 4087, 4181, 4182, 4183, 4199, 4240, 4262, 4278, 4291, 4333, 4383, 4393, 4534, 4542, 4591, 4593, 4611, 4624, 4639, 4640, 4668, 4670, 4748, 4755, 4845, 4902, 5154, 5224, 5227, 5233, 5243, 5267, 5280, 5313, 5333, 5339, 5387, 5389, 5403, 5404, 5416, 5436, 5452, 5457, 5471, 5484, 5520, 5533, 5551, 5637, 5651, 5678, 5682, 5707, 5710, 5801, 5807, 5809, 5830, 5861, 5865, 5875, 5883, 5908, 5937, 5942, 5956, 5957, 6151, 6180]"
cube10_cluster0,cube19_cluster0,1253,"[31, 54, 56, 104, 114, 117, 119, 120, 127, 129, 132, 134, 137, 138, 146, 147, 150, 152, 156, 158, 169, 174, 182, 188, 189, 194, 226, 228, 229, 249, 257, 279, 285, 296, 297, 302, 310, 314, 319, 331, 346, 350, 357, 368, 369, 373, 374, 380, 382, 384, 407, 414, 456, 472, 479, 482, 486, 512, 523, 524, 546, 549, 562, 565, 573, 578, 579, 582, 583, 588, 590, 616, 631, 638, 653, 664, 676, 693, 715, 716, 741, 761, 767, 768, 769, 771, 773, 781, 786, 796, 808, 826, 842, 844, 867, 874, 888, 894, 917, 918, 919, 945, 951, 952, 974, 997, 1002, 1007, 1015, 1016, 1017, 1035, 1054, 1055, 1057, 1075, 1096, 1112, 1116, 1117, 1138, 1155, 1159, 1186, 1191, 1209, 1228, 1243, 1246, 1277, 1295, 1296, 1317, 1323, 1340, 1343, 1352, 1369, 1375, 1400, 1406, 1421, 1430, 1435, 1437, 1441, 1445, 1447, 1449, 1451, 1452, 1453, 1458, 1460, 1467, 1468, 1470, 1476, 1477, 1478, 1482, 1484, 1488, 1489, 1490, 1492, 1498, 1499, 1506, 1507, 1508, 1509, 1512, 1513, 1514, 1519, 1522, 1524, 1525, 1526, 1529, 1531, 1532, 1534, 1535, 1537, 1538, 1539, 1540, 1542, 1545, 1550, 1551, 1553, 1555, 1556, 1557, 1559, 1568, 1571, 1573, 1579, 1583, 1590, 1591, 1592, 1593, 1596, 1598, 1599, 1601, 1606, 1607, 1610, 1613, 1615, 1618, 1622, 1627, 1630, 1631, 1634, 1637, 1638, 1639, 1642, 1643, 1646, 1653, 1655, 1659, 1663, 1664, 1665, 1668, 1670, 1671, 1673, 1676, 1678, 1680, 1683, 1686, 1688, 1689, 1694, 1696, 1700, 1712, 1713, 1716, 1719, 1722, 1725, 1727, 1728, 1729, 1730, 1735, 1743, 1745, 1749, 1750, 1751, 1752, 1754, 1757, 1759, 1763, 1766, 1768, 1769, 1773, 1774, 1776, 1777, 1778, 1782, 1783, 1784, 1787, 1788, 1790, 1792, 1793, 1794, 1801, 1802, 1805, 1807, 1808, 1812, 1814, 1815, 1816, 1817, 1821, 1823, 1825, 1828, 1831, 1832, 1836, 1838, 1839, 1840, 1842, 1843, 1845, 1854, 1856, 1858, 1861, 1862, 1866, 1870, 1874, 1875, 1877, 1878, 1880, 1886, 1891, 1892, 1893, 1894, 1896, 1898, 1901, 1904, 1905, 2083, 2090, 2093, 2097, 2104, 2115, 2121, 2132, 2137, 2143, 2144, 2149, 2150, 2156, 2159, 2160, 2161, 2165, 2166, 2173, 2179, 2180, 2185, 2187, 2192, 2194, 2202, 2216, 2221, 2228, 2236, 2238, 2241, 2243, 2246, 2260, 2275, 2276, 2281, 2283, 2288, 2291, 2295, 2296, 2302, 2304, 2305, 2308, 2310, 2315, 2319, 2320, 2321, 2323, 2326, 2333, 2334, 2335, 2344, 2348, 2356, 2357, 2361, 2362, 2363, 2376, 2386, 2391, 2401, 2402, 2406, 2409, 2412, 2413, 2422, 2426, 2427, 2428, 2431, 2437, 2441, 2442, 2445, 2453, 2454, 2457, 2464, 2468, 2471, 2473, 2474, 2478, 2483, 2485, 2487, 2496, 2497, 2499, 2501, 2502, 2514, 2523, 2526, 2527, 2529, 2534, 2543, 2547, 2548, 2549, 2551, 2562, 2565, 2567, 2579, 2581, 2588, 2593, 2596, 2603, 2611, 2615, 2616, 2625, 2627, 2640, 2648, 2652, 2658, 2661, 2664, 2666, 2667, 2673, 2676, 2690, 2691, 2696, 2701, 2705, 2715, 2734, 2738, 2744, 2747, 2776, 2780, 2785, 2786, 2793, 2794, 2816, 2821, 2822, 2843, 2861, 2866, 2870, 2880, 2882, 2894, 2899, 2902, 2906, 2919, 2920, 2927, 2928, 2937, 2938, 2941, 2944, 2946, 2951, 2958, 2961, 2963, 2971, 2972, 2973, 2975, 2988, 2989, 2993, 2996, 3007, 3009, 3015, 3016, 3017, 3024, 3031, 3034, 3046, 3048, 3049, 3050, 3062, 3064, 3065, 3071, 3072, 3073, 3074, 3076, 3077, 3078, 3082, 3083, 3086, 3092, 3098, 3099, 3103, 3116, 3119, 3120, 3121, 3123, 3126, 3127, 3130, 3131, 3134, 3135, 3136, 3139, 3140, 3141, 3144, 3151, 3152, 3154, 3157, 3160, 3164, 3166, 3167, 3175, 3189, 3190, 3192, 3196, 3197, 3198, 3199, 3206, 3208, 3210, 3211, 3212, 3216, 3218, 3220, 3223, 3227, 3229, 3234, 3241, 3246, 3256, 3257, 3259, 3264, 3266, 3268, 3271, 3279, 3281, 3282, 3287, 3288, 3293, 3302, 3308, 3309, 3311, 3324, 3326, 3327, 3329, 3331, 3335, 3337, 3341, 3344, 3345, 3348, 3350, 3359, 3361, 3362, 3365, 3367, 3368, 3369, 3370, 3373, 3375, 3378, 3380, 3384, 3392, 3394, 3397, 3401, 3402, 3407, 3409, 3411, 3412, 3414, 3417, 3419, 3422, 3423, 3425, 3427, 3428, 3433, 3434, 3438, 3439, 3440, 3441, 3443, 3447, 3449, 3450, 3458, 3464, 3465, 3467, 3472, 3482, 3484, 3486, 3489, 3490, 3491, 3501, 3506, 3507, 3514, 3520, 3522, 3529, 3546, 3550, 3551, 3554, 3561, 3562, 3564, 3567, 3568, 3569, 3573, 3574, 3578, 3582, 3585, 3586, 3594, 3596, 3597, 3600, 3603, 3605, 3606, 3610, 3611, 3613, 3615, 3617, 3618, 3620, 3624, 3625, 3627, 3629, 3635, 3638, 3640, 3644, 3645, 3647, 3649, 3650, 3652, 3653, 3657, 3658, 3660, 3662, 3664, 3670, 3672, 3674, 3680, 3684, 3687, 3695, 3696, 3698, 3699, 3700, 3703, 3705, 3706, 3718, 3722, 3723, 3729, 3730, 3733, 3735, 3738, 3741, 3745, 3752, 3753, 3761, 3762, 3767, 3772, 3779, 3783, 3792, 3793, 3797, 3799, 3800, 3802, 3803, 3806, 3807, 3810, 3811, 3812, 3814, 3819, 3822, 3830, 3834, 3835, 3836, 3838, 3839, 3840, 3842, 3850, 3852, 3855, 3857, 3858, 3859, 3863, 3865, 3869, 3872, 3876, 3878, 3881, 3884, 3887, 3892, 3896, 3900, 3901, 3902, 3907, 3914, 3918, 3919, 3920, 3922, 3927, 3928, 3930, 3936, 3938, 3939, 3940, 3941, 3944, 3947, 3948, 3956, 3959, 3962, 3966, 3969, 3979, 3995, 3999, 4009, 4012, 4013, 4017, 4020, 4023, 4025, 4029, 4030, 4034, 4037, 4038, 4040, 4047, 4048, 4054, 4061, 4062, 4066, 4068, 4079, 4084, 4085, 4087, 4088, 4089, 4091, 4094, 4107, 4118, 4131, 4132, 4133, 4134, 4141, 4143, 4153, 4156, 4160, 4162, 4165, 4167, 4180, 4181, 4182, 4183, 4184, 4185, 4190, 4193, 4199, 4207, 4208, 4210, 4211, 4215, 4238, 4240, 4247, 4252, 4255, 4259, 4262, 4265, 4277, 4278, 4280, 4282, 4283, 4290, 4291, 4292, 4299, 4308, 4317, 4318, 4319, 4320, 4323, 4324, 4328, 4329, 4333, 4336, 4340, 4344, 4350, 4352, 4354, 4360, 4361, 4363, 4375, 4377, 4383, 4384, 4389, 4391, 4392, 4393, 4397, 4400, 4406, 4407, 4439, 4442, 4447, 4448, 4450, 4455, 4466, 4467, 4469, 4476, 4482, 4484, 4488, 4495, 4496, 4507, 4509, 4510, 4514, 4516, 4524, 4533, 4534, 4538, 4542, 4544, 4550, 4551, 4555, 4567, 4569, 4573, 4574, 4576, 4578, 4579, 4590, 4591, 4593, 4596, 4598, 4599, 4607, 4611, 4613, 4619, 4623, 4624, 4626, 4634, 4639, 4640, 4648, 4650, 4655, 4663, 4667, 4668, 4670, 4671, 4673, 4676, 4677, 4681, 4682, 4695, 4696, 4700, 4704, 4708, 4715, 4728, 4738, 4739, 4741, 4748, 4750, 4755, 4761, 4767, 4771, 4782, 4783, 4784, 4787, 4795, 4801, 4805, 4806, 4819, 4821, 4822, 4824, 4829, 4833, 4834, 4839, 4840, 4842, 4845, 4848, 4854, 4863, 4865, 4874, 4875, 4876, 4902, 5154, 5161, 5166, 5169, 5170, 5171, 5173, 5174, 5176, 5177, 5182, 5185, 5190, 5191, 5192, 5194, 5198, 5205, 5209, 5211, 5213, 5215, 5218, 5222, 5223, 5224, 5227, 5231, 5233, 5236, 5241, 5242, 5243, 5245, 5250, 5267, 5268, 5269, 5270, 5273, 5274, 5275, 5276, 5280, 5285, 5286, 5287, 5289, 5290, 5292, 5293, 5302, 5308, 5310, 5313, 5320, 5321, 5325, 5326, 5333, 5336, 5337, 5339, 5344, 5346, 5353, 5360, 5373, 5374, 5376, 5377, 5382, 5387, 5389, 5391, 5396, 5398, 5403, 5404, 5407, 5410, 5411, 5413, 5415, 5416, 5419, 5435, 5436, 5445, 5452, 5457, 5462, 5469, 5470, 5471, 5478, 5484, 5488, 5502, 5504, 5520, 5529, 5531, 5532, 5533, 5535, 5541, 5551, 5559, 5560, 5566, 5576, 5596, 5623, 5626, 5631, 5637, 5640, 5646, 5648, 5651, 5653, 5662, 5669, 5672, 5675, 5677, 5678, 5682, 5688, 5704, 5707, 5710, 5714, 5717, 5725, 5728, 5730, 5731, 5733, 5744, 5747, 5750, 5752, 5754, 5757, 5760, 5762, 5763, 5764, 5770, 5772, 5790, 5799, 5800, 5801, 5807, 5809, 5811, 5828, 5830, 5832, 5838, 5842, 5859, 5861, 5862, 5865, 5875, 5883, 5891, 5897, 5900, 5907, 5908, 5915, 5916, 5925, 5926, 5934, 5935, 5937, 5942, 5943, 5947, 5949, 5956, 5957, 5959, 5960, 5961, 5962, 5963, 6001, 6002, 6014, 6016, 6033, 6037, 6039, 6046, 6054, 6070, 6108, 6121, 6130, 6137, 6151, 6160, 6174, 6179, 6180, 6214, 6262]"
cube10_cluster0,cube20_cluster0,658,"[114, 117, 119, 120, 127, 129, 132, 134, 137, 138, 146, 147, 150, 152, 158, 169, 182, 228, 257, 373, 374, 382, 407, 414, 456, 472, 479, 482, 486, 546, 549, 562, 565, 573, 582, 588, 590, 616, 631, 638, 676, 693, 715, 741, 761, 767, 768, 773, 781, 808, 844, 867, 874, 888, 894, 918, 945, 951, 952, 997, 1007, 1054, 1055, 1112, 1116, 1155, 1159, 1186, 1191, 1209, 1243, 1246, 1295, 1317, 1352, 1369, 1375, 1406, 1421, 1435, 1437, 1452, 1467, 1476, 1482, 1507, 1512, 1514, 1519, 1522, 1524, 1525, 1526, 1529, 1531, 1532, 1534, 1535, 1539, 1540, 1545, 1550, 1553, 1555, 1559, 1568, 1571, 1591, 1592, 1596, 1598, 1599, 1606, 1610, 1631, 1638, 1639, 1653, 1664, 1668, 1670, 1671, 1673, 1678, 1680, 1696, 1719, 1728, 1729, 1730, 1735, 1743, 1750, 1757, 1759, 1763, 1766, 1769, 1773, 1774, 1776, 1777, 1778, 1783, 1784, 1787, 1792, 1794, 1805, 1807, 1808, 1812, 1816, 1817, 1821, 1825, 1831, 1832, 1836, 1862, 1874, 1886, 1892, 1894, 1896, 1901, 2104, 2115, 2121, 2132, 2149, 2150, 2156, 2179, 2187, 2194, 2202, 2216, 2228, 2238, 2246, 2275, 2276, 2281, 2283, 2291, 2296, 2302, 2304, 2305, 2308, 2310, 2315, 2319, 2321, 2323, 2344, 2348, 2357, 2361, 2391, 2402, 2409, 2426, 2427, 2428, 2431, 2437, 2441, 2445, 2453, 2454, 2471, 2487, 2496, 2497, 2501, 2514, 2526, 2529, 2543, 2549, 2551, 2562, 2581, 2603, 2615, 2625, 2627, 2661, 2664, 2673, 2676, 2691, 2696, 2715, 2738, 2744, 2776, 2780, 2816, 2821, 2843, 2861, 2870, 2880, 2899, 2906, 2919, 2920, 2927, 2937, 2938, 2941, 2946, 2951, 2963, 2971, 2975, 2988, 2989, 2993, 2996, 3007, 3009, 3017, 3031, 3049, 3062, 3064, 3071, 3074, 3082, 3083, 3086, 3092, 3099, 3116, 3120, 3123, 3127, 3130, 3131, 3134, 3135, 3139, 3140, 3144, 3151, 3152, 3154, 3157, 3166, 3175, 3190, 3196, 3206, 3208, 3218, 3223, 3227, 3234, 3246, 3256, 3257, 3259, 3264, 3266, 3268, 3281, 3293, 3308, 3311, 3324, 3326, 3329, 3331, 3335, 3341, 3344, 3348, 3361, 3367, 3369, 3370, 3373, 3378, 3380, 3392, 3397, 3401, 3407, 3409, 3411, 3412, 3414, 3423, 3427, 3428, 3433, 3434, 3441, 3443, 3447, 3449, 3458, 3467, 3486, 3489, 3490, 3501, 3506, 3507, 3514, 3522, 3529, 3550, 3567, 3568, 3569, 3573, 3578, 3585, 3596, 3600, 3605, 3606, 3615, 3617, 3624, 3635, 3640, 3649, 3652, 3657, 3658, 3664, 3670, 3680, 3684, 3696, 3699, 3700, 3703, 3706, 3718, 3729, 3730, 3738, 3741, 3745, 3761, 3767, 3783, 3792, 3802, 3806, 3812, 3822, 3830, 3835, 3838, 3839, 3840, 3852, 3855, 3858, 3863, 3872, 3887, 3892, 3896, 3900, 3901, 3907, 3914, 3920, 3922, 3927, 3930, 3944, 3947, 3956, 3959, 3962, 3966, 3969, 3999, 4009, 4012, 4017, 4023, 4029, 4034, 4037, 4054, 4061, 4062, 4084, 4085, 4088, 4094, 4107, 4118, 4131, 4132, 4141, 4143, 4153, 4156, 4162, 4165, 4167, 4180, 4184, 4190, 4207, 4210, 4211, 4215, 4238, 4247, 4252, 4255, 4259, 4265, 4280, 4283, 4308, 4317, 4319, 4320, 4323, 4324, 4329, 4336, 4344, 4360, 4361, 4363, 4375, 4377, 4384, 4389, 4391, 4397, 4406, 4407, 4439, 4442, 4450, 4466, 4469, 4476, 4482, 4484, 4488, 4507, 4509, 4514, 4516, 4524, 4538, 4550, 4551, 4569, 4573, 4574, 4576, 4579, 4590, 4598, 4599, 4607, 4613, 4619, 4634, 4650, 4655, 4663, 4667, 4671, 4673, 4676, 4677, 4681, 4682, 4695, 4700, 4704, 4708, 4715, 4728, 4738, 4739, 4741, 4750, 4767, 4771, 4782, 4783, 4784, 4787, 4795, 4806, 4819, 4821, 4824, 4829, 4833, 4865, 4875, 4876, 5161, 5166, 5169, 5170, 5173, 5174, 5176, 5191, 5192, 5194, 5198, 5209, 5211, 5213, 5218, 5231, 5236, 5241, 5269, 5270, 5273, 5275, 5286, 5290, 5293, 5308, 5310, 5320, 5325, 5336, 5344, 5346, 5360, 5373, 5374, 5376, 5391, 5396, 5410, 5413, 5419, 5435, 5445, 5469, 5470, 5488, 5502, 5529, 5532, 5541, 5559, 5560, 5566, 5576, 5596, 5623, 5626, 5640, 5646, 5648, 5653, 5662, 5669, 5672, 5677, 5717, 5733, 5744, 5750, 5752, 5754, 5757, 5760, 5762, 5763, 5764, 5772, 5790, 5832, 5838, 5859, 5891, 5897, 5900, 5907, 5915, 5925, 5934, 5943, 5960, 5961, 5962, 5963, 6001, 6014, 6033, 6046, 6070, 6108, 6121, 6130, 6137, 6160, 6174, 6179]"
cube10_cluster2,cube11_cluster1,8,"[195, 333, 1711, 4531, 4918, 5178, 5354, 5459]"
cube11_cluster0,cube12_cluster0,544,"[106, 110, 111, 113, 116, 118, 122, 123, 126, 128, 130, 131, 133, 145, 161, 162, 166, 171, 177, 187, 197, 199, 379, 381, 392, 399, 400, 402, 404, 409, 412, 416, 417, 419, 423, 428, 430, 431, 432, 433, 435, 443, 444, 446, 447, 452, 455, 457, 461, 464, 465, 466, 468, 469, 474, 477, 478, 481, 488, 499, 502, 503, 504, 507, 542, 589, 707, 727, 728, 765, 834, 859, 941, 1030, 1037, 1053, 1073, 1263, 1270, 1272, 1282, 1380, 1405, 1419, 1438, 1439, 1552, 1575, 1585, 1614, 1621, 1658, 1667, 1679, 1698, 1701, 1708, 1734, 1740, 1798, 1810, 1848, 1868, 1869, 1876, 1903, 1919, 1922, 1930, 1932, 1934, 1937, 1942, 1947, 2112, 2117, 2126, 2138, 2139, 2140, 2146, 2154, 2171, 2181, 2183, 2198, 2209, 2210, 2220, 2225, 2226, 2231, 2240, 2273, 2274, 2287, 2293, 2332, 2337, 2345, 2346, 2347, 2352, 2353, 2371, 2379, 2380, 2389, 2399, 2404, 2411, 2419, 2433, 2461, 2508, 2509, 2512, 2513, 2516, 2522, 2536, 2541, 2566, 2576, 2598, 2607, 2622, 2635, 2645, 2653, 2663, 2681, 2684, 2685, 2686, 2687, 2688, 2693, 2699, 2704, 2712, 2716, 2731, 2732, 2745, 2768, 2773, 2802, 2804, 2847, 2857, 2860, 2868, 2884, 2903, 2905, 2918, 2922, 2924, 2926, 2929, 2933, 2950, 2953, 2962, 2964, 2980, 2982, 2992, 3036, 3063, 3081, 3089, 3091, 3114, 3115, 3149, 3184, 3253, 3255, 3265, 3292, 3295, 3296, 3312, 3313, 3316, 3322, 3325, 3355, 3404, 3410, 3432, 3454, 3457, 3470, 3493, 3499, 3511, 3512, 3525, 3535, 3536, 3571, 3588, 3654, 3655, 3701, 3724, 3739, 3756, 3757, 3791, 3851, 3854, 3871, 3889, 3891, 3894, 3946, 3964, 3993, 3997, 4006, 4008, 4052, 4053, 4063, 4070, 4074, 4102, 4109, 4117, 4125, 4175, 4178, 4189, 4203, 4205, 4209, 4217, 4218, 4222, 4276, 4281, 4297, 4303, 4339, 4341, 4346, 4348, 4358, 4380, 4388, 4390, 4403, 4413, 4417, 4424, 4434, 4441, 4451, 4456, 4465, 4472, 4475, 4477, 4493, 4501, 4503, 4513, 4526, 4528, 4552, 4557, 4562, 4570, 4571, 4589, 4617, 4622, 4637, 4646, 4647, 4660, 4662, 4664, 4688, 4690, 4693, 4713, 4732, 4745, 4766, 4779, 4841, 4851, 4864, 4883, 4886, 4968, 4973, 4977, 4978, 4979, 4982, 4986, 4987, 4989, 4990, 4994, 4996, 4998, 5113, 5117, 5118, 5136, 5142, 5143, 5145, 5148, 5159, 5175, 5229, 5294, 5296, 5300, 5301, 5303, 5304, 5319, 5347, 5350, 5351, 5352, 5365, 5427, 5432, 5444, 5492, 5498, 5499, 5509, 5525, 5527, 5534, 5536, 5540, 5542, 5543, 5552, 5557, 5569, 5571, 5572, 5575, 5585, 5586, 5593, 5594, 5599, 5601, 5603, 5604, 5608, 5610, 5614, 5615, 5616, 5620, 5621, 5625, 5629, 5630, 5638, 5639, 5641, 5643, 5647, 5650, 5652, 5660, 5664, 5666, 5674, 5692, 5693, 5696, 5697, 5703, 5723, 5726, 5732, 5735, 5736, 5746, 5765, 5771, 5783, 5787, 5788, 5806, 5808, 5817, 5819, 5852, 5854, 5863, 5864, 5869, 5876, 5885, 5892, 5905, 5931, 5945, 5964, 5987, 5988, 6010, 6011, 6013, 6018, 6021, 6023, 6026, 6030, 6031, 6032, 6034, 6038, 6040, 6043, 6045, 6047, 6049, 6051, 6053, 6057, 6058, 6060, 6062, 6065, 6066, 6069, 6071, 6072, 6073, 6077, 6078, 6079, 6080, 6081, 6083, 6084, 6085, 6090, 6092, 6094, 6095, 6096, 6097, 6098, 6101, 6104, 6105, 6106, 6109, 6110, 6112, 6114, 6115, 6118, 6122, 6123, 6127, 6131, 6134, 6141, 6142, 6146, 6149, 6153, 6154, 6156, 6157, 6158, 6159, 6161, 6164, 6169, 6171, 6173, 6177, 6182, 6184, 6186, 6188, 6190, 6191, 6194, 6205, 6220, 6223]"
cube11_cluster0,cube19_cluster0,658,"[114, 117, 119, 120, 127, 129, 132, 134, 137, 138, 146, 147, 150, 152, 158, 169, 182, 228, 257, 373, 374, 382, 407, 414, 456, 472, 479, 482, 486, 546, 549, 562, 565, 573, 582, 588, 590, 616, 631, 638, 676, 693, 715, 741, 761, 767, 768, 773, 781, 808, 844, 867, 874, 888, 894, 918, 945, 951, 952, 997, 1007, 1054, 1055, 1112, 1116, 1155, 1159, 1186, 1191, 1209, 1243, 1246, 1295, 1317, 1352, 1369, 1375, 1406, 1421, 1435, 1437, 1452, 1467, 1476, 1482, 1507, 1512, 1514, 1519, 1522, 1524, 1525, 1526, 1529, 1531, 1532, 1534, 1535, 1539, 1540, 1545, 1550, 1553, 1555, 1559, 1568, 1571, 1591, 1592, 1596, 1598, 1599, 1606, 1610, 1631, 1638, 1639, 1653, 1664, 1668, 1670, 1671, 1673, 1678, 1680, 1696, 1719, 1728, 1729, 1730, 1735, 1743, 1750, 1757, 1759, 1763, 1766, 1769, 1773, 1774, 1776, 1777, 1778, 1783, 1784, 1787, 1792, 1794, 1805, 1807, 1808, 1812, 1816, 1817, 1821, 1825, 1831, 1832, 1836, 1862, 1874, 1886, 1892, 1894, 1896, 1901, 2104, 2115, 2121, 2132, 2149, 2150, 2156, 2179, 2187, 2194, 2202, 2216, 2228, 2238, 2246, 2275, 2276, 2281, 2283, 2291, 2296, 2302, 2304, 2305, 2308, 2310, 2315, 2319, 2321, 2323, 2344, 2348, 2357, 2361, 2391, 2402, 2409, 2426, 2427, 2428, 2431, 2437, 2441, 2445, 2453, 2454, 2471, 2487, 2496, 2497, 2501, 2514, 2526, 2529, 2543, 2549, 2551, 2562, 2581, 2603, 2615, 2625, 2627, 2661, 2664, 2673, 2676, 2691, 2696, 2715, 2738, 2744, 2776, 2780, 2816, 2821, 2843, 2861, 2870, 2880, 2899, 2906, 2919, 2920, 2927, 2937, 2938, 2941, 2946, 2951, 2963, 2971, 2975, 2988, 2989, 2993, 2996, 3007, 3009, 3017, 3031, 3049, 3062, 3064, 3071, 3074, 3082, 3083, 3086, 3092, 3099, 3116, 3120, 3123, 3127, 3130, 3131, 3134, 3135, 3139, 3140, 3144, 3151, 3152, 3154, 3157, 3166, 3175, 3190, 3196, 3206, 3208, 3218, 3223, 3227, 3234, 3246, 3256, 3257, 3259, 3264, 3266, 3268, 3281, 3293, 3308, 3311, 3324, 3326, 3329, 3331, 3335, 3341, 3344, 3348, 3361, 3367, 3369, 3370, 3373, 3378, 3380, 3392, 3397, 3401, 3407, 3409, 3411, 3412, 3414, 3423, 3427, 3428, 3433, 3434, 3441, 3443, 3447, 3449, 3458, 3467, 3486, 3489, 3490, 3501, 3506, 3507, 3514, 3522, 3529, 3550, 3567, 3568, 3569, 3573, 3578, 3585, 3596, 3600, 3605, 3606, 3615, 3617, 3624, 3635, 3640, 3649, 3652, 3657, 3658, 3664, 3670, 3680, 3684, 3696, 3699, 3700, 3703, 3706, 3718, 3729, 3730, 3738, 3741, 3745, 3761, 3767, 3783, 3792, 3802, 3806, 3812, 3822, 3830, 3835, 3838, 3839, 3840, 3852, 3855, 3858, 3863, 3872, 3887, 3892, 3896, 3900, 3901, 3907, 3914, 3920, 3922, 3927, 3930, 3944, 3947, 3956, 3959, 3962, 3966, 3969, 3999, 4009, 4012, 4017, 4023, 4029, 4034, 4037, 4054, 4061, 4062, 4084, 4085, 4088, 4094, 4107, 4118, 4131, 4132, 4141, 4143, 4153, 4156, 4162, 4165, 4167, 4180, 4184, 4190, 4207, 4210, 4211, 4215, 4238, 4247, 4252, 4255, 4259, 4265, 4280, 4283, 4308, 4317, 4319, 4320, 4323, 4324, 4329, 4336, 4344, 4360, 4361, 4363, 4375, 4377, 4384, 4389, 4391, 4397, 4406, 4407, 4439, 4442, 4450, 4466, 4469, 4476, 4482, 4484, 4488, 4507, 4509, 4514, 4516, 4524, 4538, 4550, 4551, 4569, 4573, 4574, 4576, 4579, 4590, 4598, 4599, 4607, 4613, 4619, 4634, 4650, 4655, 4663, 4667, 4671, 4673, 4676, 4677, 4681, 4682, 4695, 4700, 4704, 4708, 4715, 4728, 4738, 4739, 4741, 4750, 4767, 4771, 4782, 4783, 4784, 4787, 4795, 4806, 4819, 4821, 4824, 4829, 4833, 4865, 4875, 4876, 5161, 5166, 5169, 5170, 5173, 5174, 5176, 5191, 5192, 5194, 5198, 5209, 5211, 5213, 5218, 5231, 5236, 5241, 5269, 5270, 5273, 5275, 5286, 5290, 5293, 5308, 5310, 5320, 5325, 5336, 5344, 5346, 5360, 5373, 5374, 5376, 5391, 5396, 5410, 5413, 5419, 5435, 5445, 5469, 5470, 5488, 5502, 5529, 5532, 5541, 5559, 5560, 5566, 5576, 5596, 5623, 5626, 5640, 5646, 5648, 5653, 5662, 5669, 5672, 5677, 5717, 5733, 5744, 5750, 5752, 5754, 5757, 5760, 5762, 5763, 5764, 5772, 5790, 5832, 5838, 5859, 5891, 5897, 5900, 5907, 5915, 5925, 5934, 5943, 5960, 5961, 5962, 5963, 6001, 6014, 6033, 6046, 6070, 6108, 6121, 6130, 6137, 6160, 6174, 6179]"
cube11_cluster0,cube20_cluster0,1113,"[78, 109, 114, 117, 119, 120, 121, 124, 126, 127, 128, 129, 131, 132, 134, 137, 138, 144, 146, 147, 150, 152, 154, 158, 169, 170, 182, 197, 228, 257, 373, 374, 379, 382, 386, 397, 400, 403, 407, 412, 414, 417, 431, 456, 459, 461, 463, 472, 473, 474, 479, 482, 486, 496, 500, 503, 525, 539, 541, 542, 546, 549, 554, 562, 565, 573, 576, 582, 588, 590, 616, 624, 631, 638, 667, 676, 691, 693, 715, 737, 739, 741, 761, 767, 768, 773, 781, 808, 844, 855, 867, 874, 888, 894, 918, 945, 947, 950, 951, 952, 965, 981, 997, 1007, 1029, 1054, 1055, 1056, 1112, 1116, 1137, 1155, 1159, 1181, 1186, 1191, 1206, 1209, 1243, 1244, 1246, 1285, 1295, 1317, 1345, 1352, 1369, 1375, 1386, 1405, 1406, 1420, 1421, 1435, 1437, 1439, 1442, 1444, 1452, 1467, 1476, 1482, 1507, 1512, 1514, 1517, 1519, 1520, 1522, 1524, 1525, 1526, 1529, 1531, 1532, 1534, 1535, 1539, 1540, 1545, 1550, 1553, 1555, 1559, 1568, 1571, 1580, 1591, 1592, 1596, 1598, 1599, 1605, 1606, 1610, 1616, 1631, 1635, 1638, 1639, 1653, 1664, 1668, 1670, 1671, 1673, 1678, 1680, 1696, 1719, 1728, 1729, 1730, 1734, 1735, 1743, 1750, 1757, 1759, 1763, 1766, 1769, 1773, 1774, 1776, 1777, 1778, 1783, 1784, 1787, 1792, 1794, 1805, 1807, 1808, 1810, 1812, 1816, 1817, 1821, 1825, 1831, 1832, 1836, 1848, 1862, 1874, 1876, 1886, 1889, 1892, 1894, 1896, 1901, 1914, 1919, 1931, 1934, 2103, 2104, 2115, 2118, 2121, 2131, 2132, 2138, 2140, 2141, 2147, 2149, 2150, 2156, 2179, 2187, 2194, 2201, 2202, 2209, 2215, 2216, 2228, 2232, 2233, 2235, 2238, 2246, 2261, 2270, 2275, 2276, 2281, 2283, 2287, 2291, 2296, 2302, 2304, 2305, 2308, 2310, 2315, 2319, 2321, 2323, 2344, 2348, 2353, 2354, 2357, 2358, 2360, 2361, 2366, 2368, 2373, 2380, 2389, 2390, 2391, 2402, 2409, 2411, 2421, 2426, 2427, 2428, 2429, 2431, 2432, 2436, 2437, 2441, 2445, 2453, 2454, 2462, 2466, 2471, 2475, 2487, 2491, 2496, 2497, 2501, 2508, 2512, 2514, 2526, 2529, 2533, 2536, 2539, 2541, 2543, 2549, 2551, 2559, 2562, 2572, 2573, 2581, 2587, 2589, 2591, 2598, 2602, 2603, 2608, 2614, 2615, 2625, 2627, 2634, 2635, 2643, 2650, 2661, 2664, 2673, 2676, 2687, 2691, 2693, 2696, 2713, 2715, 2716, 2724, 2728, 2731, 2732, 2737, 2738, 2744, 2748, 2768, 2772, 2776, 2780, 2795, 2802, 2816, 2819, 2821, 2843, 2845, 2847, 2848, 2861, 2870, 2880, 2885, 2886, 2899, 2901, 2906, 2917, 2919, 2920, 2923, 2925, 2927, 2935, 2937, 2938, 2941, 2942, 2946, 2947, 2951, 2954, 2957, 2963, 2971, 2975, 2980, 2982, 2984, 2988, 2989, 2993, 2996, 3005, 3007, 3008, 3009, 3012, 3017, 3031, 3049, 3062, 3063, 3064, 3071, 3074, 3082, 3083, 3084, 3086, 3092, 3099, 3109, 3114, 3116, 3120, 3123, 3127, 3129, 3130, 3131, 3134, 3135, 3139, 3140, 3144, 3147, 3151, 3152, 3154, 3157, 3166, 3175, 3190, 3196, 3206, 3208, 3218, 3223, 3227, 3230, 3234, 3237, 3244, 3246, 3256, 3257, 3258, 3259, 3261, 3263, 3264, 3266, 3267, 3268, 3269, 3270, 3281, 3293, 3308, 3311, 3313, 3314, 3321, 3323, 3324, 3326, 3329, 3331, 3335, 3339, 3341, 3344, 3348, 3361, 3367, 3369, 3370, 3373, 3378, 3380, 3392, 3397, 3401, 3407, 3409, 3410, 3411, 3412, 3414, 3423, 3427, 3428, 3433, 3434, 3441, 3442, 3443, 3446, 3447, 3448, 3449, 3458, 3466, 3467, 3476, 3486, 3489, 3490, 3500, 3501, 3506, 3507, 3511, 3513, 3514, 3522, 3526, 3529, 3533, 3535, 3536, 3541, 3550, 3556, 3557, 3567, 3568, 3569, 3573, 3577, 3578, 3584, 3585, 3589, 3596, 3599, 3600, 3605, 3606, 3607, 3615, 3617, 3624, 3634, 3635, 3640, 3649, 3652, 3657, 3658, 3664, 3670, 3680, 3684, 3691, 3692, 3696, 3699, 3700, 3702, 3703, 3706, 3708, 3718, 3725, 3729, 3730, 3738, 3741, 3745, 3758, 3761, 3767, 3783, 3789, 3792, 3802, 3806, 3812, 3822, 3830, 3835, 3837, 3838, 3839, 3840, 3847, 3849, 3852, 3855, 3858, 3863, 3871, 3872, 3886, 3887, 3889, 3892, 3895, 3896, 3899, 3900, 3901, 3906, 3907, 3914, 3920, 3922, 3925, 3927, 3930, 3944, 3946, 3947, 3956, 3959, 3960, 3962, 3965, 3966, 3969, 3972, 3983, 3987, 3990, 3994, 3997, 3999, 4007, 4008, 4009, 4010, 4011, 4012, 4017, 4022, 4023, 4029, 4031, 4033, 4034, 4035, 4037, 4039, 4053, 4054, 4060, 4061, 4062, 4063, 4065, 4071, 4084, 4085, 4088, 4094, 4101, 4107, 4112, 4113, 4114, 4117, 4118, 4131, 4132, 4141, 4143, 4148, 4153, 4156, 4162, 4165, 4166, 4167, 4175, 4178, 4180, 4184, 4189, 4190, 4207, 4210, 4211, 4213, 4214, 4215, 4216, 4218, 4221, 4234, 4238, 4244, 4247, 4248, 4251, 4252, 4255, 4259, 4265, 4266, 4276, 4280, 4283, 4294, 4303, 4308, 4312, 4317, 4319, 4320, 4323, 4324, 4329, 4332, 4336, 4344, 4346, 4359, 4360, 4361, 4363, 4367, 4374, 4375, 4377, 4384, 4389, 4391, 4397, 4402, 4406, 4407, 4411, 4413, 4417, 4418, 4420, 4431, 4432, 4439, 4442, 4450, 4453, 4459, 4465, 4466, 4468, 4469, 4474, 4476, 4482, 4484, 4488, 4493, 4497, 4503, 4507, 4508, 4509, 4512, 4514, 4515, 4516, 4524, 4525, 4527, 4538, 4539, 4541, 4545, 4548, 4550, 4551, 4561, 4562, 4564, 4569, 4573, 4574, 4576, 4579, 4585, 4586, 4588, 4590, 4598, 4599, 4605, 4606, 4607, 4613, 4614, 4615, 4617, 4619, 4634, 4636, 4642, 4644, 4646, 4647, 4650, 4655, 4661, 4663, 4664, 4667, 4671, 4672, 4673, 4676, 4677, 4681, 4682, 4693, 4695, 4699, 4700, 4702, 4703, 4704, 4708, 4712, 4715, 4718, 4728, 4735, 4736, 4738, 4739, 4741, 4743, 4749, 4750, 4754, 4764, 4767, 4771, 4778, 4779, 4782, 4783, 4784, 4787, 4791, 4795, 4798, 4806, 4819, 4821, 4824, 4829, 4832, 4833, 4855, 4859, 4865, 4866, 4875, 4876, 4885, 4886, 4966, 4967, 4972, 4976, 4979, 4985, 4998, 5135, 5161, 5163, 5166, 5169, 5170, 5173, 5174, 5176, 5186, 5191, 5192, 5194, 5198, 5203, 5209, 5211, 5213, 5218, 5230, 5231, 5234, 5236, 5241, 5269, 5270, 5273, 5275, 5286, 5290, 5293, 5296, 5301, 5304, 5308, 5310, 5314, 5320, 5325, 5336, 5344, 5346, 5347, 5351, 5357, 5360, 5373, 5374, 5375, 5376, 5380, 5391, 5396, 5410, 5413, 5419, 5422, 5429, 5435, 5445, 5454, 5455, 5461, 5469, 5470, 5488, 5490, 5496, 5498, 5502, 5506, 5529, 5532, 5536, 5541, 5542, 5543, 5555, 5558, 5559, 5560, 5566, 5567, 5571, 5572, 5576, 5578, 5580, 5589, 5596, 5612, 5617, 5619, 5623, 5626, 5633, 5640, 5645, 5646, 5648, 5649, 5653, 5656, 5662, 5666, 5668, 5669, 5672, 5677, 5686, 5698, 5717, 5723, 5732, 5733, 5735, 5737, 5742, 5744, 5750, 5752, 5754, 5757, 5758, 5760, 5762, 5763, 5764, 5769, 5772, 5781, 5783, 5786, 5790, 5791, 5793, 5805, 5808, 5826, 5831, 5832, 5838, 5852, 5854, 5857, 5858, 5859, 5864, 5866, 5876, 5885, 5891, 5897, 5900, 5907, 5915, 5925, 5931, 5934, 5943, 5950, 5958, 5960, 5961, 5962, 5963, 6001, 6005, 6014, 6015, 6021, 6023, 6033, 6035, 6036, 6038, 6046, 6053, 6058, 6059, 6069, 6070, 6074, 6077, 6081, 6091, 6094, 6095, 6096, 6097, 6098, 6101, 6103, 6105, 6106, 6108, 6109, 6121, 6125, 6130, 6137, 6147, 6148, 6150, 6153, 6156, 6160, 6161, 6163, 6174, 6179, 6184, 6257, 6268]"
cube11_cluster0,cube21_cluster0,126,"[126, 128, 131, 197, 379, 400, 412, 417, 431, 461, 474, 503, 542, 1405, 1439, 1734, 1810, 1848, 1876, 1919, 1934, 2138, 2140, 2209, 2287, 2353, 2380, 2389, 2411, 2508, 2512, 2536, 2541, 2598, 2635, 2687, 2693, 2716, 2731, 2732, 2768, 2802, 2847, 2980, 2982, 3063, 3114, 3313, 3410, 3511, 3535, 3536, 3871, 3889, 3946, 3997, 4008, 4053, 4063, 4117, 4175, 4178, 4189, 4218, 4276, 4303, 4346, 4413, 4417, 4465, 4493, 4503, 4562, 4617, 4646, 4647, 4664, 4693, 4779, 4886, 4979, 4998, 5296, 5301, 5304, 5347, 5351, 5498, 5536, 5542, 5543, 5571, 5572, 5666, 5723, 5732, 5735, 5783, 5808, 5852, 5854, 5864, 5876, 5885, 5931, 6021, 6023, 6038, 6053, 6058, 6069, 6077, 6081, 6094, 6095, 6096, 6097, 6098, 6101, 6105, 6106, 6109, 6153, 6156, 6161, 6184]"
cube12_cluster0,cube20_cluster0,126,"[126, 128, 131, 197, 379, 400, 412, 417, 431, 461, 474, 503, 542, 1405, 1439, 1734, 1810, 1848, 1876, 1919, 1934, 2138, 2140, 2209, 2287, 2353, 2380, 2389, 2411, 2508, 2512, 2536, 2541, 2598, 2635, 2687, 2693, 2716, 2731, 2732, 2768, 2802, 2847, 2980, 2982, 3063, 3114, 3313, 3410, 3511, 3535, 3536, 3871, 3889, 3946, 3997, 4008, 4053, 4063, 4117, 4175, 4178, 4189, 4218, 4276, 4303, 4346, 4413, 4417, 4465, 4493, 4503, 4562, 4617, 4646, 4647, 4664, 4693, 4779, 4886, 4979, 4998, 5296, 5301, 5304, 5347, 5351, 5498, 5536, 5542, 5543, 5571, 5572, 5666, 5723, 5732, 5735, 5783, 5808, 5852, 5854, 5864, 5876, 5885, 5931, 6021, 6023, 6038, 6053, 6058, 6069, 6077, 6081, 6094, 6095, 6096, 6097, 6098, 6101, 6105, 6106, 6109, 6153, 6156, 6161, 6184]"
cube12_cluster0,cube21_cluster0,135,"[126, 128, 131, 197, 379, 400, 410, 412, 417, 431, 438, 440, 461, 474, 503, 542, 1405, 1439, 1734, 1810, 1848, 1876, 1919, 1920, 1926, 1934, 2138, 2140, 2209, 2287, 2353, 2380, 2389, 2411, 2508, 2512, 2536, 2541, 2598, 2635, 2687, 2693, 2716, 2731, 2732, 2768, 2802, 2847, 2980, 2982, 3063, 3114, 3313, 3410, 3511, 3535, 3536, 3871, 3889, 3946, 3997, 4008, 4053, 4063, 4117, 4175, 4178, 4189, 4218, 4276, 4303, 4346, 4413, 4417, 4465, 4493, 4503, 4562, 4617, 4646, 4647, 4664, 4693, 4779, 4886, 4979, 4998, 5296, 5301, 5304, 5347, 5351, 5458, 5498, 5536, 5542, 5543, 5571, 5572, 5666, 5723, 5732, 5735, 5783, 5808, 5852, 5854, 5864, 5876, 5885, 5931, 5954, 6021, 6023, 6038, 6044, 6053, 6058, 6069, 6077, 6081, 6094, 6095, 6096, 6097, 6098, 6101, 6105, 6106, 6109, 6153, 6155, 6156, 6161, 6184]"
cube16_cluster0,cube17_cluster0,4,"[1414, 3028, 5510, 5903]"
cube17_cluster0,cube18_cluster0,209,"[32, 41, 44, 93, 159, 179, 190, 208, 235, 240, 243, 251, 263, 275, 280, 286, 290, 291, 344, 370, 528, 534, 544, 606, 678, 711, 719, 722, 828, 831, 877, 881, 892, 975, 1076, 1250, 1319, 1330, 1379, 1450, 1455, 1495, 1523, 1587, 1624, 1651, 1704, 1723, 1732, 1844, 1951, 2084, 2164, 2168, 2170, 2182, 2280, 2284, 2313, 2325, 2350, 2372, 2448, 2460, 2495, 2594, 2626, 2656, 2669, 2751, 2760, 2763, 2765, 2808, 2828, 2851, 2853, 2936, 2945, 3020, 3027, 3039, 3066, 3069, 3079, 3107, 3138, 3142, 3177, 3183, 3194, 3195, 3204, 3224, 3226, 3235, 3283, 3289, 3294, 3300, 3319, 3415, 3477, 3478, 3485, 3492, 3540, 3548, 3581, 3592, 3595, 3604, 3612, 3633, 3643, 3667, 3677, 3685, 3688, 3749, 3773, 3795, 3821, 3844, 3880, 3917, 3950, 3955, 3973, 3974, 3978, 4043, 4051, 4080, 4137, 4140, 4191, 4202, 4219, 4220, 4226, 4242, 4269, 4270, 4273, 4274, 4285, 4288, 4306, 4326, 4347, 4356, 4518, 4536, 4603, 4669, 4705, 4788, 4793, 4804, 4815, 4825, 4826, 4828, 4860, 4870, 4872, 4880, 4891, 4892, 4911, 4916, 4919, 5254, 5282, 5283, 5331, 5343, 5362, 5438, 5472, 5474, 5477, 5481, 5486, 5530, 5562, 5659, 5670, 5681, 5690, 5720, 5813, 5823, 5824, 5827, 5840, 5856, 5893, 5901, 5902, 5909, 5917, 5928, 5930, 5932, 5980, 6226, 6258]"
cube17_cluster0,cube25_cluster0,149,"[41, 44, 190, 235, 240, 289, 291, 345, 528, 534, 544, 606, 678, 711, 719, 722, 828, 831, 877, 881, 892, 975, 1076, 1250, 1319, 1330, 1379, 1450, 1501, 1705, 1951, 2127, 2164, 2168, 2182, 2213, 2280, 2284, 2313, 2325, 2350, 2372, 2448, 2450, 2460, 2495, 2594, 2626, 2670, 2702, 2751, 2756, 2760, 2765, 2808, 2828, 2851, 2853, 2881, 2892, 2895, 2945, 2994, 3066, 3069, 3079, 3138, 3142, 3177, 3183, 3194, 3195, 3204, 3224, 3235, 3242, 3283, 3289, 3294, 3319, 3431, 3477, 3479, 3485, 3540, 3548, 3581, 3593, 3604, 3643, 3669, 3677, 3685, 3734, 3749, 3775, 3781, 3795, 3821, 3917, 3950, 3955, 3974, 4043, 4051, 4080, 4120, 4122, 4128, 4191, 4226, 4269, 4270, 4285, 4288, 4347, 4356, 4376, 4395, 4499, 4518, 4603, 4686, 4705, 4788, 4804, 4815, 4825, 4826, 4828, 4860, 4870, 4872, 4878, 5254, 5305, 5355, 5468, 5472, 5485, 5562, 5720, 5813, 5856, 5909, 5910, 5952, 5980, 6258]"
cube17_cluster0,cube26_cluster0,113,"[41, 44, 190, 235, 240, 291, 528, 534, 544, 606, 678, 711, 719, 722, 828, 831, 877, 881, 892, 975, 1076, 1250, 1319, 1330, 1379, 1450, 1951, 2164, 2168, 2182, 2280, 2284, 2313, 2325, 2350, 2372, 2448, 2460, 2495, 2594, 2626, 2751, 2760, 2765, 2808, 2828, 2851, 2853, 2945, 3066, 3069, 3079, 3138, 3142, 3177, 3183, 3194, 3195, 3204, 3224, 3235, 3283, 3289, 3294, 3319, 3477, 3485, 3540, 3548, 3581, 3604, 3643, 3677, 3685, 3749, 3795, 3821, 3917, 3950, 3955, 3974, 4043, 4051, 4080, 4191, 4226, 4269, 4270, 4285, 4288, 4347, 4356, 4518, 4603, 4705, 4788, 4804, 4815, 4825, 4826, 4828, 4860, 4870, 4872, 5254, 5472, 5562, 5720, 5813, 5856, 5909, 5980, 6258]"
cube18_cluster0,cube19_cluster0,739,"[8, 31, 34, 40, 47, 54, 57, 66, 99, 104, 139, 153, 155, 178, 184, 189, 218, 226, 234, 249, 279, 293, 299, 302, 310, 314, 327, 328, 331, 339, 346, 357, 369, 531, 545, 560, 566, 567, 572, 574, 584, 585, 586, 627, 630, 635, 677, 710, 717, 745, 771, 787, 791, 797, 824, 827, 829, 865, 875, 880, 895, 908, 920, 925, 940, 954, 959, 963, 998, 1002, 1005, 1012, 1016, 1032, 1035, 1042, 1046, 1047, 1057, 1074, 1092, 1100, 1104, 1114, 1118, 1135, 1142, 1156, 1165, 1167, 1187, 1192, 1193, 1210, 1218, 1230, 1247, 1248, 1267, 1274, 1288, 1297, 1300, 1344, 1354, 1364, 1365, 1376, 1378, 1381, 1382, 1389, 1398, 1401, 1434, 1441, 1445, 1446, 1449, 1458, 1462, 1470, 1484, 1489, 1490, 1498, 1499, 1504, 1513, 1518, 1528, 1537, 1543, 1544, 1547, 1560, 1564, 1566, 1567, 1573, 1581, 1590, 1622, 1626, 1627, 1629, 1630, 1633, 1642, 1646, 1655, 1659, 1666, 1674, 1677, 1689, 1697, 1712, 1713, 1717, 1718, 1722, 1725, 1736, 1739, 1741, 1742, 1745, 1751, 1752, 1761, 1764, 1770, 1772, 1775, 1785, 1795, 1796, 1801, 1802, 1809, 1815, 1819, 1823, 1828, 1833, 1852, 1854, 1856, 1861, 1864, 1865, 1866, 1867, 1878, 1893, 1895, 1897, 1902, 1950, 2083, 2089, 2097, 2105, 2120, 2122, 2129, 2135, 2144, 2151, 2152, 2161, 2162, 2166, 2176, 2180, 2189, 2192, 2193, 2195, 2197, 2206, 2218, 2219, 2221, 2223, 2241, 2244, 2260, 2266, 2268, 2278, 2279, 2285, 2298, 2299, 2301, 2303, 2306, 2309, 2317, 2327, 2328, 2335, 2355, 2363, 2378, 2382, 2387, 2393, 2401, 2403, 2413, 2416, 2422, 2430, 2439, 2440, 2442, 2444, 2455, 2456, 2464, 2467, 2468, 2469, 2473, 2478, 2482, 2483, 2486, 2493, 2507, 2510, 2511, 2531, 2557, 2565, 2579, 2584, 2588, 2611, 2616, 2621, 2639, 2641, 2652, 2659, 2662, 2666, 2677, 2694, 2695, 2711, 2714, 2740, 2741, 2743, 2752, 2758, 2761, 2770, 2775, 2778, 2783, 2792, 2796, 2798, 2805, 2810, 2815, 2823, 2829, 2830, 2832, 2836, 2850, 2862, 2876, 2890, 2894, 2907, 2910, 2944, 2952, 2959, 2966, 2969, 2979, 2997, 3010, 3018, 3025, 3032, 3043, 3046, 3056, 3059, 3070, 3072, 3078, 3088, 3096, 3104, 3118, 3122, 3125, 3133, 3136, 3137, 3141, 3148, 3155, 3159, 3161, 3163, 3167, 3168, 3174, 3180, 3181, 3185, 3186, 3188, 3193, 3202, 3212, 3213, 3221, 3231, 3248, 3250, 3260, 3272, 3273, 3275, 3279, 3280, 3285, 3303, 3320, 3327, 3333, 3334, 3338, 3346, 3347, 3351, 3359, 3363, 3366, 3372, 3374, 3379, 3387, 3389, 3390, 3391, 3393, 3394, 3402, 3429, 3455, 3461, 3468, 3473, 3474, 3482, 3487, 3488, 3491, 3494, 3498, 3503, 3520, 3531, 3539, 3543, 3546, 3552, 3555, 3562, 3563, 3564, 3575, 3582, 3594, 3602, 3603, 3611, 3614, 3616, 3619, 3621, 3628, 3630, 3639, 3641, 3642, 3644, 3645, 3648, 3651, 3661, 3662, 3665, 3675, 3676, 3682, 3687, 3693, 3707, 3712, 3720, 3721, 3723, 3727, 3732, 3733, 3735, 3742, 3743, 3748, 3753, 3754, 3763, 3764, 3772, 3776, 3779, 3785, 3786, 3794, 3797, 3800, 3804, 3808, 3817, 3834, 3841, 3842, 3857, 3865, 3868, 3877, 3878, 3882, 3884, 3888, 3890, 3909, 3916, 3918, 3919, 3921, 3937, 3939, 3940, 3949, 3951, 3953, 3961, 3963, 3968, 3976, 3980, 3986, 3996, 4001, 4004, 4005, 4013, 4019, 4021, 4025, 4027, 4040, 4044, 4047, 4049, 4050, 4067, 4081, 4083, 4087, 4092, 4095, 4150, 4163, 4172, 4181, 4182, 4183, 4196, 4198, 4199, 4224, 4232, 4233, 4239, 4240, 4256, 4258, 4262, 4278, 4286, 4291, 4301, 4310, 4313, 4314, 4316, 4321, 4325, 4331, 4333, 4335, 4342, 4351, 4357, 4362, 4382, 4383, 4386, 4393, 4394, 4405, 4410, 4419, 4425, 4429, 4435, 4440, 4445, 4449, 4452, 4457, 4460, 4479, 4481, 4486, 4487, 4502, 4504, 4505, 4523, 4532, 4534, 4537, 4542, 4549, 4553, 4565, 4591, 4593, 4609, 4610, 4611, 4616, 4624, 4628, 4632, 4639, 4640, 4652, 4657, 4665, 4668, 4670, 4685, 4691, 4697, 4698, 4707, 4719, 4726, 4729, 4730, 4731, 4746, 4748, 4753, 4755, 4758, 4763, 4765, 4768, 4780, 4789, 4792, 4794, 4800, 4807, 4817, 4818, 4823, 4830, 4831, 4845, 4862, 4868, 4879, 4902, 4949, 4964, 4992, 5128, 5129, 5154, 5219, 5224, 5227, 5233, 5239, 5240, 5243, 5267, 5271, 5277, 5280, 5311, 5313, 5322, 5329, 5333, 5339, 5372, 5387, 5389, 5393, 5403, 5404, 5406, 5416, 5424, 5433, 5436, 5452, 5457, 5463, 5464, 5471, 5484, 5495, 5520, 5526, 5533, 5551, 5561, 5573, 5592, 5595, 5618, 5634, 5637, 5651, 5654, 5663, 5673, 5678, 5682, 5691, 5701, 5702, 5707, 5710, 5718, 5745, 5748, 5795, 5801, 5807, 5809, 5812, 5830, 5836, 5855, 5861, 5865, 5875, 5878, 5881, 5883, 5908, 5920, 5923, 5936, 5937, 5942, 5946, 5956, 5957, 6000, 6055, 6151, 6180, 6218, 6260, 6265]"
cube18_cluster0,cube25_cluster0,113,"[41, 44, 190, 235, 240, 291, 528, 534, 544, 606, 678, 711, 719, 722, 828, 831, 877, 881, 892, 975, 1076, 1250, 1319, 1330, 1379, 1450, 1951, 2164, 2168, 2182, 2280, 2284, 2313, 2325, 2350, 2372, 2448, 2460, 2495, 2594, 2626, 2751, 2760, 2765, 2808, 2828, 2851, 2853, 2945, 3066, 3069, 3079, 3138, 3142, 3177, 3183, 3194, 3195, 3204, 3224, 3235, 3283, 3289, 3294, 3319, 3477, 3485, 3540, 3548, 3581, 3604, 3643, 3677, 3685, 3749, 3795, 3821, 3917, 3950, 3955, 3974, 4043, 4051, 4080, 4191, 4226, 4269, 4270, 4285, 4288, 4347, 4356, 4518, 4603, 4705, 4788, 4804, 4815, 4825, 4826, 4828, 4860, 4870, 4872, 5254, 5472, 5562, 5720, 5813, 5856, 5909, 5980, 6258]"
cube18_cluster0,cube26_cluster0,478,"[34, 41, 44, 47, 66, 68, 77, 82, 139, 155, 190, 218, 235, 238, 240, 291, 316, 339, 342, 351, 527, 528, 531, 534, 540, 544, 545, 560, 572, 586, 587, 606, 630, 633, 635, 647, 665, 678, 686, 696, 701, 710, 711, 717, 719, 722, 784, 787, 791, 795, 797, 806, 828, 829, 831, 832, 838, 877, 881, 892, 913, 921, 927, 948, 962, 964, 975, 977, 1005, 1032, 1046, 1047, 1071, 1076, 1083, 1091, 1092, 1095, 1097, 1100, 1104, 1119, 1142, 1164, 1165, 1167, 1193, 1223, 1230, 1250, 1288, 1297, 1310, 1319, 1330, 1334, 1344, 1349, 1354, 1356, 1364, 1379, 1382, 1389, 1392, 1398, 1409, 1450, 1462, 1479, 1505, 1546, 1547, 1564, 1567, 1626, 1654, 1697, 1951, 1955, 2086, 2105, 2106, 2107, 2120, 2129, 2134, 2135, 2155, 2157, 2164, 2167, 2168, 2182, 2189, 2197, 2218, 2219, 2255, 2264, 2266, 2268, 2269, 2279, 2280, 2284, 2285, 2298, 2301, 2309, 2313, 2316, 2318, 2325, 2328, 2350, 2365, 2372, 2383, 2393, 2394, 2407, 2418, 2425, 2440, 2448, 2456, 2460, 2480, 2482, 2493, 2495, 2507, 2510, 2515, 2531, 2537, 2545, 2568, 2575, 2594, 2621, 2626, 2677, 2689, 2703, 2711, 2714, 2740, 2741, 2746, 2751, 2754, 2755, 2758, 2759, 2760, 2762, 2765, 2771, 2784, 2791, 2798, 2803, 2806, 2808, 2810, 2813, 2814, 2815, 2817, 2818, 2828, 2829, 2837, 2851, 2853, 2856, 2863, 2877, 2910, 2945, 2952, 2955, 2966, 2970, 2974, 2979, 2986, 2987, 3011, 3043, 3057, 3058, 3066, 3069, 3079, 3087, 3101, 3104, 3122, 3138, 3142, 3146, 3158, 3169, 3174, 3176, 3177, 3179, 3181, 3183, 3185, 3186, 3187, 3194, 3195, 3201, 3202, 3204, 3221, 3224, 3235, 3236, 3243, 3252, 3260, 3283, 3289, 3290, 3294, 3303, 3319, 3330, 3346, 3352, 3376, 3385, 3387, 3388, 3389, 3391, 3393, 3400, 3406, 3430, 3437, 3453, 3469, 3477, 3485, 3517, 3532, 3539, 3540, 3543, 3548, 3570, 3576, 3581, 3587, 3602, 3604, 3636, 3643, 3671, 3677, 3682, 3683, 3685, 3690, 3713, 3720, 3721, 3732, 3744, 3747, 3749, 3750, 3765, 3777, 3787, 3795, 3809, 3817, 3818, 3820, 3821, 3831, 3856, 3868, 3890, 3909, 3917, 3924, 3934, 3950, 3952, 3954, 3955, 3961, 3968, 3974, 3976, 3981, 3986, 4004, 4005, 4019, 4042, 4043, 4051, 4075, 4080, 4083, 4093, 4095, 4111, 4150, 4159, 4163, 4168, 4172, 4186, 4191, 4224, 4225, 4226, 4237, 4260, 4269, 4270, 4284, 4285, 4288, 4307, 4331, 4334, 4347, 4356, 4366, 4373, 4385, 4386, 4405, 4440, 4494, 4518, 4521, 4565, 4603, 4609, 4610, 4631, 4632, 4638, 4653, 4656, 4657, 4665, 4685, 4705, 4706, 4719, 4720, 4726, 4744, 4746, 4763, 4765, 4768, 4788, 4789, 4792, 4794, 4800, 4804, 4807, 4809, 4813, 4815, 4816, 4817, 4825, 4826, 4828, 4844, 4856, 4860, 4862, 4868, 4869, 4870, 4871, 4872, 4949, 4961, 4964, 4992, 5029, 5054, 5129, 5130, 5187, 5207, 5240, 5254, 5316, 5433, 5441, 5472, 5489, 5562, 5564, 5573, 5595, 5634, 5663, 5701, 5702, 5720, 5749, 5795, 5802, 5813, 5820, 5837, 5856, 5909, 5920, 5936, 5980, 6003, 6218, 6258, 6260, 6261, 6266]"
cube18_cluster0,cube27_cluster0,167,"[34, 47, 66, 139, 155, 218, 339, 531, 545, 560, 572, 586, 630, 635, 710, 717, 787, 791, 797, 829, 1005, 1032, 1046, 1047, 1092, 1100, 1104, 1142, 1165, 1167, 1193, 1230, 1288, 1297, 1344, 1354, 1364, 1382, 1389, 1398, 1462, 1547, 1564, 1567, 1626, 1697, 2105, 2120, 2129, 2135, 2189, 2197, 2218, 2219, 2266, 2268, 2279, 2285, 2298, 2301, 2309, 2328, 2393, 2440, 2456, 2482, 2493, 2507, 2510, 2531, 2621, 2677, 2711, 2714, 2740, 2741, 2758, 2798, 2810, 2815, 2829, 2910, 2952, 2966, 2979, 3043, 3104, 3122, 3174, 3181, 3185, 3186, 3202, 3221, 3260, 3303, 3346, 3387, 3389, 3391, 3393, 3539, 3543, 3602, 3682, 3720, 3721, 3732, 3817, 3868, 3890, 3909, 3961, 3968, 3976, 3986, 4004, 4005, 4019, 4083, 4095, 4150, 4163, 4172, 4224, 4331, 4386, 4405, 4440, 4565, 4609, 4610, 4632, 4657, 4665, 4685, 4719, 4726, 4746, 4763, 4765, 4768, 4789, 4792, 4794, 4800, 4807, 4817, 4862, 4868, 4949, 4964, 4992, 5129, 5240, 5433, 5573, 5595, 5634, 5663, 5701, 5702, 5795, 5920, 5936, 6218, 6260]"
cube19_cluster0,cube20_cluster0,812,"[114, 117, 119, 120, 127, 129, 132, 134, 137, 138, 143, 146, 147, 150, 152, 158, 169, 180, 182, 185, 200, 228, 257, 373, 374, 382, 407, 414, 456, 472, 479, 482, 486, 546, 549, 555, 562, 565, 573, 582, 588, 590, 616, 631, 638, 676, 693, 715, 741, 761, 767, 768, 773, 781, 808, 844, 867, 874, 888, 894, 918, 945, 951, 952, 997, 1007, 1041, 1050, 1054, 1055, 1084, 1108, 1112, 1116, 1155, 1159, 1166, 1186, 1191, 1209, 1222, 1233, 1243, 1246, 1295, 1317, 1352, 1359, 1369, 1375, 1387, 1406, 1421, 1435, 1437, 1443, 1452, 1467, 1476, 1482, 1507, 1512, 1514, 1519, 1522, 1524, 1525, 1526, 1529, 1531, 1532, 1533, 1534, 1535, 1539, 1540, 1545, 1550, 1553, 1555, 1559, 1568, 1571, 1591, 1592, 1595, 1596, 1598, 1599, 1606, 1608, 1610, 1631, 1638, 1639, 1649, 1653, 1664, 1668, 1670, 1671, 1673, 1678, 1680, 1696, 1719, 1728, 1729, 1730, 1733, 1735, 1737, 1743, 1750, 1757, 1759, 1763, 1766, 1769, 1773, 1774, 1776, 1777, 1778, 1783, 1784, 1787, 1792, 1794, 1805, 1807, 1808, 1812, 1816, 1817, 1821, 1825, 1827, 1831, 1832, 1836, 1850, 1862, 1872, 1873, 1874, 1879, 1886, 1890, 1892, 1894, 1896, 1901, 2085, 2104, 2115, 2119, 2121, 2132, 2142, 2149, 2150, 2153, 2156, 2174, 2179, 2187, 2191, 2194, 2196, 2202, 2216, 2228, 2234, 2238, 2246, 2267, 2275, 2276, 2281, 2283, 2286, 2291, 2296, 2297, 2302, 2304, 2305, 2308, 2310, 2315, 2319, 2321, 2323, 2330, 2338, 2344, 2348, 2357, 2361, 2374, 2388, 2391, 2397, 2402, 2409, 2410, 2426, 2427, 2428, 2431, 2437, 2441, 2445, 2447, 2451, 2453, 2454, 2471, 2476, 2487, 2492, 2494, 2496, 2497, 2501, 2505, 2514, 2517, 2518, 2519, 2525, 2526, 2529, 2530, 2543, 2546, 2549, 2551, 2562, 2581, 2597, 2603, 2615, 2625, 2627, 2628, 2642, 2660, 2661, 2664, 2673, 2676, 2691, 2696, 2709, 2715, 2717, 2720, 2725, 2729, 2738, 2744, 2749, 2776, 2780, 2782, 2788, 2809, 2812, 2816, 2821, 2825, 2826, 2831, 2833, 2838, 2843, 2861, 2870, 2880, 2899, 2906, 2919, 2920, 2927, 2937, 2938, 2940, 2941, 2946, 2951, 2963, 2971, 2975, 2988, 2989, 2993, 2996, 3007, 3009, 3017, 3019, 3031, 3049, 3062, 3064, 3071, 3074, 3082, 3083, 3086, 3092, 3099, 3108, 3116, 3120, 3123, 3127, 3130, 3131, 3134, 3135, 3139, 3140, 3144, 3151, 3152, 3154, 3157, 3166, 3175, 3178, 3190, 3196, 3206, 3208, 3218, 3223, 3227, 3234, 3246, 3256, 3257, 3259, 3264, 3266, 3268, 3276, 3277, 3281, 3293, 3308, 3311, 3324, 3326, 3329, 3331, 3335, 3341, 3344, 3348, 3361, 3367, 3369, 3370, 3371, 3373, 3378, 3380, 3382, 3386, 3392, 3397, 3401, 3407, 3409, 3411, 3412, 3414, 3423, 3424, 3427, 3428, 3433, 3434, 3441, 3443, 3444, 3447, 3449, 3458, 3467, 3475, 3486, 3489, 3490, 3501, 3506, 3507, 3514, 3515, 3522, 3523, 3527, 3529, 3534, 3550, 3558, 3559, 3567, 3568, 3569, 3573, 3578, 3579, 3585, 3596, 3600, 3601, 3605, 3606, 3615, 3617, 3624, 3635, 3640, 3649, 3652, 3657, 3658, 3664, 3670, 3680, 3684, 3696, 3699, 3700, 3703, 3706, 3709, 3714, 3718, 3726, 3729, 3730, 3738, 3741, 3745, 3761, 3767, 3769, 3783, 3792, 3802, 3806, 3812, 3822, 3826, 3827, 3830, 3835, 3838, 3839, 3840, 3848, 3852, 3855, 3858, 3863, 3872, 3873, 3887, 3892, 3896, 3897, 3900, 3901, 3905, 3907, 3910, 3914, 3920, 3922, 3926, 3927, 3930, 3931, 3944, 3947, 3956, 3957, 3959, 3962, 3966, 3969, 3975, 3991, 3998, 3999, 4009, 4012, 4015, 4017, 4023, 4029, 4032, 4034, 4036, 4037, 4054, 4056, 4061, 4062, 4077, 4084, 4085, 4088, 4094, 4107, 4118, 4131, 4132, 4141, 4143, 4147, 4153, 4156, 4162, 4165, 4167, 4177, 4180, 4184, 4190, 4207, 4210, 4211, 4215, 4229, 4231, 4236, 4238, 4245, 4247, 4250, 4252, 4255, 4259, 4265, 4279, 4280, 4283, 4298, 4308, 4317, 4319, 4320, 4323, 4324, 4329, 4336, 4344, 4345, 4360, 4361, 4363, 4364, 4365, 4375, 4377, 4384, 4389, 4391, 4397, 4401, 4406, 4407, 4412, 4414, 4422, 4426, 4439, 4442, 4450, 4466, 4469, 4476, 4482, 4484, 4488, 4492, 4507, 4509, 4514, 4516, 4524, 4538, 4550, 4551, 4556, 4563, 4569, 4573, 4574, 4576, 4579, 4590, 4598, 4599, 4601, 4607, 4612, 4613, 4619, 4621, 4634, 4650, 4655, 4663, 4667, 4671, 4673, 4676, 4677, 4681, 4682, 4695, 4700, 4704, 4708, 4711, 4715, 4728, 4738, 4739, 4740, 4741, 4742, 4750, 4767, 4769, 4771, 4774, 4782, 4783, 4784, 4785, 4787, 4795, 4806, 4819, 4821, 4824, 4829, 4833, 4865, 4867, 4875, 4876, 5161, 5166, 5169, 5170, 5173, 5174, 5176, 5191, 5192, 5194, 5198, 5209, 5211, 5213, 5218, 5231, 5236, 5241, 5269, 5270, 5273, 5275, 5286, 5290, 5293, 5308, 5310, 5320, 5325, 5336, 5344, 5346, 5360, 5373, 5374, 5376, 5391, 5396, 5410, 5413, 5419, 5425, 5435, 5445, 5453, 5469, 5470, 5488, 5502, 5529, 5532, 5541, 5559, 5560, 5566, 5568, 5576, 5596, 5623, 5626, 5640, 5646, 5648, 5653, 5662, 5669, 5672, 5677, 5717, 5727, 5733, 5744, 5750, 5752, 5754, 5757, 5759, 5760, 5762, 5763, 5764, 5772, 5790, 5804, 5832, 5838, 5843, 5859, 5891, 5897, 5900, 5907, 5915, 5925, 5934, 5943, 5960, 5961, 5962, 5963, 6001, 6014, 6033, 6046, 6070, 6108, 6121, 6130, 6137, 6160, 6174, 6179]"
cube19_cluster0,cube26_cluster0,167,"[34, 47, 66, 139, 155, 218, 339, 531, 545, 560, 572, 586, 630, 635, 710, 717, 787, 791, 797, 829, 1005, 1032, 1046, 1047, 1092, 1100, 1104, 1142, 1165, 1167, 1193, 1230, 1288, 1297, 1344, 1354, 1364, 1382, 1389, 1398, 1462, 1547, 1564, 1567, 1626, 1697, 2105, 2120, 2129, 2135, 2189, 2197, 2218, 2219, 2266, 2268, 2279, 2285, 2298, 2301, 2309, 2328, 2393, 2440, 2456, 2482, 2493, 2507, 2510, 2531, 2621, 2677, 2711, 2714, 2740, 2741, 2758, 2798, 2810, 2815, 2829, 2910, 2952, 2966, 2979, 3043, 3104, 3122, 3174, 3181, 3185, 3186, 3202, 3221, 3260, 3303, 3346, 3387, 3389, 3391, 3393, 3539, 3543, 3602, 3682, 3720, 3721, 3732, 3817, 3868, 3890, 3909, 3961, 3968, 3976, 3986, 4004, 4005, 4019, 4083, 4095, 4150, 4163, 4172, 4224, 4331, 4386, 4405, 4440, 4565, 4609, 4610, 4632, 4657, 4665, 4685, 4719, 4726, 4746, 4763, 4765, 4768, 4789, 4792, 4794, 4800, 4807, 4817, 4862, 4868, 4949, 4964, 4992, 5129, 5240, 5433, 5573, 5595, 5634, 5663, 5701, 5702, 5795, 5920, 5936, 6218, 6260]"
cube19_cluster0,cube27_cluster0,193,"[34, 47, 66, 139, 155, 218, 339, 531, 545, 560, 572, 586, 630, 635, 710, 717, 787, 791, 797, 829, 1005, 1032, 1046, 1047, 1092, 1100, 1104, 1142, 1165, 1167, 1193, 1230, 1288, 1297, 1344, 1354, 1364, 1382, 1389, 1398, 1462, 1547, 1564, 1567, 1626, 1697, 2088, 2105, 2120, 2129, 2135, 2189, 2197, 2218, 2219, 2247, 2266, 2268, 2279, 2285, 2298, 2301, 2309, 2328, 2375, 2393, 2440, 2456, 2482, 2493, 2503, 2507, 2510, 2531, 2609, 2621, 2677, 2683, 2711, 2714, 2739, 2740, 2741, 2750, 2758, 2798, 2801, 2810, 2815, 2827, 2829, 2910, 2952, 2966, 2979, 3043, 3104, 3122, 3174, 3181, 3185, 3186, 3202, 3221, 3260, 3303, 3305, 3346, 3387, 3389, 3391, 3393, 3539, 3543, 3602, 3678, 3682, 3717, 3720, 3721, 3732, 3790, 3817, 3868, 3875, 3890, 3898, 3909, 3912, 3961, 3968, 3976, 3986, 4004, 4005, 4016, 4019, 4057, 4064, 4083, 4095, 4150, 4163, 4172, 4224, 4331, 4386, 4405, 4440, 4454, 4565, 4609, 4610, 4632, 4657, 4665, 4685, 4701, 4719, 4726, 4746, 4747, 4763, 4765, 4768, 4786, 4789, 4792, 4794, 4800, 4807, 4817, 4862, 4868, 4949, 4964, 4992, 5129, 5240, 5433, 5437, 5549, 5573, 5595, 5634, 5663, 5701, 5702, 5795, 5920, 5936, 6218, 6260]"
cube20_cluster0,cube21_cluster0,126,"[126, 128, 131, 197, 379, 400, 412, 417, 431, 461, 474, 503, 542, 1405, 1439, 1734, 1810, 1848, 1876, 1919, 1934, 2138, 2140, 2209, 2287, 2353, 2380, 2389, 2411, 2508, 2512, 2536, 2541, 2598, 2635, 2687, 2693, 2716, 2731, 2732, 2768, 2802, 2847, 2980, 2982, 3063, 3114, 3313, 3410, 3511, 3535, 3536, 3871, 3889, 3946, 3997, 4008, 4053, 4063, 4117, 4175, 4178, 4189, 4218, 4276, 4303, 4346, 4413, 4417, 4465, 4493, 4503, 4562, 4617, 4646, 4647, 4664, 4693, 4779, 4886, 4979, 4998, 5296, 5301, 5304, 5347, 5351, 5498, 5536, 5542, 5543, 5571, 5572, 5666, 5723, 5732, 5735, 5783, 5808, 5852, 5854, 5864, 5876, 5885, 5931, 6021, 6023, 6038, 6053, 6058, 6069, 6077, 6081, 6094, 6095, 6096, 6097, 6098, 6101, 6105, 6106, 6109, 6153, 6156, 6161, 6184]"
cube24_cluster0,cube25_cluster0,181,"[1, 4, 5, 10, 38, 42, 43, 45, 58, 65, 71, 83, 85, 241, 255, 364, 529, 535, 536, 547, 556, 569, 575, 596, 599, 605, 607, 609, 619, 620, 639, 643, 656, 659, 679, 684, 698, 700, 721, 723, 724, 730, 731, 736, 744, 760, 764, 779, 792, 799, 810, 815, 817, 821, 839, 841, 847, 848, 853, 854, 858, 889, 891, 896, 897, 899, 904, 914, 922, 924, 929, 984, 989, 993, 996, 1006, 1021, 1022, 1025, 1031, 1044, 1061, 1066, 1068, 1072, 1080, 1082, 1086, 1087, 1089, 1099, 1102, 1110, 1121, 1125, 1126, 1129, 1150, 1168, 1169, 1172, 1178, 1180, 1184, 1194, 1198, 1205, 1215, 1242, 1258, 1259, 1278, 1289, 1309, 1331, 1339, 1347, 1404, 1916, 1968, 1970, 1976, 1994, 1996, 1997, 2002, 2008, 2009, 2037, 2041, 2044, 2051, 2077, 2079, 2824, 2841, 2960, 3002, 3003, 3097, 3100, 4096, 4154, 4296, 4812, 4852, 4928, 4935, 4937, 4939, 4950, 4952, 4954, 4956, 4963, 4965, 5014, 5017, 5023, 5040, 5049, 5062, 5073, 5081, 5088, 5092, 5381, 5976, 5978, 6017, 6129, 6136, 6230, 6232, 6235, 6236, 6239, 6243, 6244, 6245, 6252]"
cube24_cluster0,cube32_cluster0,253,"[1, 4, 5, 10, 26, 38, 42, 43, 45, 48, 58, 64, 65, 71, 83, 85, 241, 255, 320, 329, 364, 415, 529, 535, 536, 547, 556, 559, 568, 569, 575, 581, 593, 595, 596, 599, 605, 607, 609, 619, 620, 628, 639, 643, 649, 654, 656, 657, 659, 675, 679, 684, 688, 690, 698, 700, 708, 718, 721, 723, 724, 730, 731, 736, 744, 760, 764, 770, 775, 779, 785, 792, 799, 810, 815, 817, 821, 822, 839, 841, 845, 847, 848, 853, 854, 858, 861, 868, 871, 889, 891, 896, 897, 899, 900, 904, 906, 914, 922, 924, 929, 931, 943, 984, 989, 992, 993, 996, 1003, 1006, 1021, 1022, 1025, 1031, 1044, 1061, 1066, 1068, 1080, 1082, 1086, 1087, 1088, 1089, 1099, 1102, 1110, 1121, 1123, 1125, 1126, 1129, 1139, 1150, 1151, 1153, 1168, 1169, 1172, 1178, 1180, 1184, 1194, 1198, 1203, 1205, 1212, 1215, 1242, 1255, 1257, 1258, 1259, 1278, 1289, 1304, 1309, 1326, 1331, 1339, 1347, 1384, 1393, 1394, 1404, 1412, 1429, 1709, 1887, 1916, 1948, 1953, 1968, 1970, 1976, 1980, 1994, 1996, 1997, 1999, 2002, 2008, 2009, 2037, 2041, 2044, 2051, 2059, 2077, 2079, 2824, 2841, 2960, 2998, 3002, 3003, 3021, 3030, 3097, 3100, 4096, 4100, 4154, 4187, 4271, 4305, 4812, 4852, 4928, 4935, 4939, 4950, 4952, 4954, 4956, 4963, 4965, 5014, 5017, 5023, 5031, 5040, 5043, 5049, 5056, 5062, 5069, 5073, 5081, 5088, 5092, 5099, 5102, 5165, 5381, 5519, 5976, 5978, 5999, 6017, 6129, 6136, 6230, 6232, 6235, 6236, 6239, 6240, 6242, 6243, 6244, 6245, 6252]"
cube24_cluster0,cube33_cluster0,178,"[1, 4, 5, 10, 38, 42, 43, 45, 58, 65, 71, 83, 85, 241, 255, 364, 529, 535, 536, 547, 556, 569, 575, 596, 599, 605, 607, 609, 619, 620, 639, 643, 656, 659, 679, 684, 698, 700, 721, 723, 724, 730, 731, 736, 744, 760, 764, 779, 792, 799, 810, 815, 817, 821, 839, 841, 847, 848, 853, 854, 858, 889, 891, 896, 897, 899, 904, 914, 922, 924, 929, 984, 989, 993, 996, 1006, 1021, 1022, 1025, 1031, 1044, 1061, 1066, 1068, 1080, 1082, 1086, 1087, 1089, 1099, 1102, 1110, 1121, 1125, 1126, 1129, 1150, 1168, 1169, 1172, 1178, 1180, 1184, 1194, 1198, 1205, 1215, 1242, 1258, 1259, 1278, 1289, 1309, 1331, 1339, 1347, 1404, 1916, 1968, 1970, 1976, 1994, 1996, 1997, 2002, 2008, 2009, 2037, 2041, 2044, 2051, 2077, 2079, 2824, 2841, 2960, 3002, 3003, 3097, 3100, 4096, 4154, 4812, 4852, 4928, 4935, 4939, 4950, 4952, 4954, 4956, 4963, 4965, 5014, 5017, 5023, 5040, 5049, 5062, 5073, 5081, 5088, 5092, 5381, 5976, 5978, 6017, 6129, 6136, 6230, 6232, 6235, 6236, 6239, 6243, 6244, 6245, 6252]"
cube24_cluster1,cube25_cluster0,10,"[2340, 2570, 2888, 2949, 3038, 3143, 3310, 4129, 4396, 4506]"
cube25_cluster0,cube26_cluster0,292,"[2, 37, 41, 44, 49, 60, 70, 73, 79, 190, 219, 231, 235, 240, 248, 291, 313, 347, 522, 528, 534, 544, 548, 570, 577, 602, 606, 608, 614, 634, 644, 650, 678, 681, 682, 711, 712, 719, 722, 725, 748, 751, 753, 758, 774, 776, 783, 790, 813, 823, 828, 831, 835, 851, 877, 881, 892, 930, 932, 933, 937, 938, 960, 971, 975, 979, 988, 999, 1010, 1024, 1058, 1062, 1076, 1081, 1090, 1093, 1098, 1107, 1122, 1130, 1133, 1140, 1141, 1157, 1171, 1176, 1190, 1211, 1225, 1237, 1245, 1250, 1262, 1268, 1283, 1292, 1314, 1319, 1327, 1328, 1330, 1333, 1337, 1361, 1367, 1377, 1379, 1385, 1450, 1946, 1951, 1952, 1960, 1979, 1981, 1988, 2015, 2017, 2025, 2026, 2029, 2034, 2069, 2071, 2076, 2082, 2094, 2095, 2108, 2110, 2130, 2164, 2168, 2175, 2182, 2280, 2284, 2294, 2313, 2325, 2350, 2372, 2448, 2460, 2495, 2561, 2594, 2626, 2672, 2675, 2751, 2760, 2765, 2807, 2808, 2828, 2840, 2842, 2844, 2849, 2851, 2853, 2869, 2871, 2896, 2915, 2945, 2956, 2991, 3006, 3037, 3055, 3061, 3066, 3069, 3079, 3113, 3138, 3142, 3150, 3177, 3183, 3194, 3195, 3204, 3224, 3235, 3283, 3289, 3294, 3319, 3477, 3485, 3496, 3540, 3548, 3581, 3604, 3643, 3677, 3685, 3728, 3749, 3778, 3795, 3821, 3824, 3903, 3917, 3929, 3950, 3955, 3974, 4043, 4051, 4080, 4104, 4152, 4173, 4174, 4191, 4226, 4227, 4230, 4269, 4270, 4275, 4285, 4288, 4347, 4356, 4378, 4408, 4433, 4483, 4518, 4597, 4603, 4694, 4705, 4717, 4721, 4788, 4804, 4815, 4825, 4826, 4827, 4828, 4843, 4860, 4870, 4872, 4942, 4951, 5020, 5022, 5028, 5036, 5039, 5045, 5064, 5067, 5089, 5095, 5124, 5162, 5172, 5180, 5188, 5251, 5254, 5295, 5298, 5306, 5442, 5449, 5472, 5497, 5562, 5635, 5715, 5720, 5813, 5856, 5909, 5974, 5975, 5980, 6254, 6258, 6271]"
cube25_cluster0,cube32_cluster0,178,"[1, 4, 5, 10, 38, 42, 43, 45, 58, 65, 71, 83, 85, 241, 255, 364, 529, 535, 536, 547, 556, 569, 575, 596, 599, 605, 607, 609, 619, 620, 639, 643, 656, 659, 679, 684, 698, 700, 721, 723, 724, 730, 731, 736, 744, 760, 764, 779, 792, 799, 810, 815, 817, 821, 839, 841, 847, 848, 853, 854, 858, 889, 891, 896, 897, 899, 904, 914, 922, 924, 929, 984, 989, 993, 996, 1006, 1021, 1022, 1025, 1031, 1044, 1061, 1066, 1068, 1080, 1082, 1086, 1087, 1089, 1099, 1102, 1110, 1121, 1125, 1126, 1129, 1150, 1168, 1169, 1172, 1178, 1180, 1184, 1194, 1198, 1205, 1215, 1242, 1258, 1259, 1278, 1289, 1309, 1331, 1339, 1347, 1404, 1916, 1968, 1970, 1976, 1994, 1996, 1997, 2002, 2008, 2009, 2037, 2041, 2044, 2051, 2077, 2079, 2824, 2841, 2960, 3002, 3003, 3097, 3100, 4096, 4154, 4812, 4852, 4928, 4935, 4939, 4950, 4952, 4954, 4956, 4963, 4965, 5014, 5017, 5023, 5040, 5049, 5062, 5073, 5081, 5088, 5092, 5381, 5976, 5978, 6017, 6129, 6136, 6230, 6232, 6235, 6236, 6239, 6243, 6244, 6245, 6252]"
cube25_cluster0,cube33_cluster0,324,"[1, 4, 5, 9, 10, 21, 38, 42, 43, 45, 58, 63, 65, 70, 71, 83, 85, 88, 219, 231, 241, 255, 313, 364, 366, 378, 522, 529, 535, 536, 547, 556, 569, 570, 575, 596, 597, 599, 603, 605, 607, 608, 609, 610, 619, 620, 622, 639, 643, 648, 656, 659, 666, 679, 684, 698, 700, 706, 720, 721, 723, 724, 730, 731, 736, 744, 749, 753, 760, 762, 764, 777, 779, 792, 799, 802, 810, 815, 817, 821, 825, 830, 837, 839, 841, 847, 848, 852, 853, 854, 858, 862, 882, 889, 891, 893, 896, 897, 899, 904, 914, 922, 924, 929, 932, 935, 936, 942, 956, 984, 989, 993, 996, 1004, 1006, 1021, 1022, 1024, 1025, 1031, 1039, 1044, 1048, 1058, 1061, 1066, 1068, 1069, 1080, 1082, 1086, 1087, 1089, 1093, 1099, 1102, 1107, 1110, 1121, 1125, 1126, 1127, 1129, 1136, 1147, 1150, 1152, 1158, 1168, 1169, 1172, 1173, 1178, 1180, 1184, 1194, 1196, 1198, 1205, 1214, 1215, 1226, 1239, 1242, 1258, 1259, 1260, 1266, 1278, 1289, 1307, 1309, 1314, 1315, 1316, 1320, 1324, 1327, 1331, 1336, 1338, 1339, 1347, 1348, 1362, 1363, 1377, 1404, 1916, 1943, 1946, 1952, 1954, 1958, 1960, 1966, 1968, 1969, 1970, 1972, 1973, 1976, 1982, 1983, 1985, 1987, 1992, 1994, 1996, 1997, 2000, 2002, 2003, 2006, 2008, 2009, 2015, 2017, 2023, 2024, 2025, 2029, 2032, 2036, 2037, 2038, 2040, 2041, 2044, 2045, 2051, 2058, 2061, 2062, 2063, 2064, 2065, 2067, 2069, 2071, 2076, 2077, 2079, 2082, 2824, 2841, 2960, 3002, 3003, 3004, 3097, 3100, 4096, 4116, 4151, 4154, 4470, 4694, 4812, 4852, 4928, 4933, 4935, 4938, 4939, 4950, 4952, 4954, 4956, 4958, 4963, 4965, 5014, 5017, 5023, 5026, 5036, 5037, 5038, 5040, 5049, 5057, 5062, 5064, 5067, 5073, 5074, 5076, 5077, 5081, 5084, 5085, 5087, 5088, 5092, 5093, 5095, 5097, 5101, 5107, 5108, 5295, 5358, 5381, 5976, 5977, 5978, 6017, 6129, 6136, 6229, 6230, 6232, 6235, 6236, 6239, 6241, 6243, 6244, 6245, 6251, 6252, 6264, 6271]"
cube25_cluster0,cube34_cluster0,34,"[70, 219, 231, 313, 522, 570, 608, 753, 932, 1024, 1058, 1093, 1107, 1314, 1327, 1377, 1946, 1952, 1960, 2015, 2017, 2025, 2029, 2069, 2071, 2076, 2082, 4694, 5036, 5064, 5067, 5095, 5295, 6271]"
cube25_cluster1,cube26_cluster1,5,"[2001, 2019, 2055, 5025, 5111]"
cube25_cluster1,cube33_cluster1,5,"[2001, 2019, 2055, 5025, 5111]"
cube25_cluster1,cube34_cluster1,5,"[2001, 2019, 2055, 5025, 5111]"
cube26_cluster0,cube27_cluster0,171,"[34, 47, 62, 66, 139, 155, 218, 339, 531, 545, 560, 572, 586, 630, 635, 710, 717, 787, 791, 797, 829, 1005, 1009, 1032, 1046, 1047, 1092, 1100, 1104, 1142, 1165, 1167, 1193, 1230, 1288, 1297, 1344, 1346, 1354, 1364, 1382, 1389, 1398, 1462, 1547, 1564, 1567, 1626, 1697, 2105, 2120, 2129, 2135, 2189, 2197, 2218, 2219, 2266, 2268, 2279, 2285, 2298, 2301, 2309, 2328, 2393, 2440, 2456, 2482, 2493, 2507, 2510, 2531, 2621, 2677, 2711, 2714, 2740, 2741, 2758, 2798, 2810, 2815, 2829, 2910, 2952, 2966, 2979, 3043, 3104, 3122, 3174, 3181, 3185, 3186, 3202, 3221, 3260, 3303, 3346, 3387, 3389, 3391, 3393, 3539, 3543, 3602, 3679, 3682, 3720, 3721, 3732, 3817, 3868, 3890, 3909, 3961, 3968, 3976, 3986, 4004, 4005, 4019, 4083, 4095, 4150, 4163, 4172, 4224, 4331, 4386, 4405, 4440, 4565, 4609, 4610, 4632, 4657, 4665, 4685, 4719, 4726, 4746, 4763, 4765, 4768, 4789, 4792, 4794, 4800, 4807, 4817, 4862, 4868, 4949, 4964, 4992, 5129, 5240, 5433, 5573, 5595, 5634, 5663, 5701, 5702, 5795, 5920, 5936, 6218, 6260]"
cube26_cluster0,cube33_cluster0,34,"[70, 219, 231, 313, 522, 570, 608, 753, 932, 1024, 1058, 1093, 1107, 1314, 1327, 1377, 1946, 1952, 1960, 2015, 2017, 2025, 2029, 2069, 2071, 2076, 2082, 4694, 5036, 5064, 5067, 5095, 5295, 6271]"
cube26_cluster0,cube34_cluster0,34,"[70, 219, 231, 313, 522, 570, 608, 753, 932, 1024, 1058, 1093, 1107, 1314, 1327, 1377, 1946, 1952, 1960, 2015, 2017, 2025, 2029, 2069, 2071, 2076, 2082, 4694, 5036, 5064, 5067, 5095, 5295, 6271]"
cube26_cluster1,cube33_cluster1,5,"[2001, 2019, 2055, 5025, 5111]"
cube26_cluster1,cube34_cluster1,5,"[2001, 2019, 2055, 5025, 5111]"
cube31_cluster0,cube32_cluster0,145,"[3, 53, 67, 72, 89, 140, 301, 375, 383, 519, 543, 552, 553, 563, 598, 601, 611, 613, 618, 621, 629, 641, 652, 655, 660, 661, 672, 674, 689, 704, 714, 732, 735, 747, 750, 759, 778, 793, 803, 814, 836, 840, 846, 849, 856, 860, 869, 872, 873, 878, 887, 905, 907, 909, 972, 987, 994, 1018, 1020, 1023, 1027, 1043, 1060, 1064, 1078, 1103, 1105, 1109, 1111, 1128, 1148, 1160, 1170, 1182, 1197, 1199, 1202, 1213, 1216, 1224, 1231, 1234, 1236, 1240, 1264, 1273, 1280, 1284, 1287, 1305, 1308, 1311, 1313, 1321, 1325, 1368, 1373, 1374, 1390, 1391, 1402, 1427, 1957, 1959, 1963, 1986, 1993, 2005, 2013, 2047, 2056, 2068, 2078, 2080, 2532, 4073, 4155, 4799, 4947, 4957, 4999, 5000, 5001, 5002, 5004, 5021, 5033, 5035, 5047, 5048, 5065, 5070, 5100, 5105, 5109, 5110, 5112, 5137, 5565, 5716, 5998, 6145, 6175, 6256, 6259]"
cube31_cluster0,cube38_cluster1,74,"[35, 53, 140, 301, 305, 375, 383, 519, 601, 611, 660, 661, 672, 689, 726, 732, 747, 750, 759, 793, 801, 840, 846, 849, 856, 860, 872, 887, 909, 966, 972, 987, 994, 1020, 1023, 1027, 1043, 1128, 1175, 1182, 1197, 1216, 1224, 1234, 1236, 1240, 1253, 1264, 1287, 1313, 1321, 1325, 1368, 1373, 1391, 1428, 1957, 1984, 1993, 2047, 2056, 2068, 4155, 4999, 5035, 5047, 5048, 5083, 5105, 5109, 5137, 5152, 5716, 6175]"
cube31_cluster0,cube39_cluster1,63,"[53, 140, 301, 375, 383, 519, 601, 611, 660, 661, 672, 689, 732, 747, 750, 759, 793, 840, 846, 849, 856, 860, 872, 887, 909, 972, 987, 994, 1020, 1023, 1027, 1043, 1128, 1182, 1197, 1216, 1224, 1234, 1236, 1240, 1264, 1287, 1313, 1321, 1325, 1368, 1373, 1391, 1957, 1993, 2047, 2056, 2068, 4155, 4999, 5035, 5047, 5048, 5105, 5109, 5137, 5716, 6175]"
cube31_cluster1,cube32_cluster1,9,"[157, 387, 703, 811, 1049, 1134, 1161, 1238, 1279]"
cube31_cluster1,cube38_cluster0,12,"[157, 387, 703, 757, 811, 1049, 1134, 1161, 1204, 1238, 1279, 5003]"
cube31_cluster1,cube39_cluster0,9,"[157, 387, 703, 811, 1049, 1134, 1161, 1238, 1279]"
cube32_cluster0,cube33_cluster0,227,"[1, 4, 5, 10, 38, 42, 43, 45, 58, 65, 71, 83, 85, 241, 255, 364, 529, 530, 535, 536, 547, 556, 569, 575, 596, 599, 605, 607, 609, 619, 620, 639, 643, 656, 659, 663, 679, 684, 698, 700, 721, 723, 724, 730, 731, 736, 744, 760, 764, 779, 792, 799, 810, 815, 817, 821, 839, 841, 847, 848, 853, 854, 858, 889, 891, 896, 897, 899, 904, 910, 914, 922, 924, 929, 984, 985, 989, 993, 996, 1006, 1021, 1022, 1025, 1031, 1044, 1061, 1066, 1067, 1068, 1080, 1082, 1086, 1087, 1089, 1099, 1102, 1106, 1110, 1121, 1125, 1126, 1129, 1146, 1150, 1168, 1169, 1172, 1178, 1180, 1184, 1194, 1198, 1205, 1215, 1242, 1258, 1259, 1271, 1278, 1289, 1309, 1331, 1339, 1347, 1404, 1916, 1945, 1956, 1968, 1970, 1975, 1976, 1989, 1990, 1991, 1994, 1996, 1997, 1998, 2002, 2008, 2009, 2014, 2016, 2021, 2030, 2037, 2041, 2042, 2043, 2044, 2051, 2052, 2053, 2066, 2075, 2077, 2079, 2081, 2824, 2841, 2960, 3002, 3003, 3033, 3097, 3100, 4096, 4154, 4812, 4852, 4928, 4932, 4935, 4936, 4939, 4950, 4952, 4954, 4956, 4959, 4963, 4965, 5010, 5011, 5014, 5016, 5017, 5019, 5023, 5027, 5032, 5034, 5040, 5049, 5050, 5053, 5055, 5058, 5059, 5060, 5062, 5063, 5073, 5080, 5081, 5086, 5088, 5092, 5094, 5096, 5381, 5976, 5978, 5993, 6017, 6129, 6136, 6230, 6232, 6235, 6236, 6239, 6243, 6244, 6245, 6252]"
cube32_cluster0,cube38_cluster1,63,"[53, 140, 301, 375, 383, 519, 601, 611, 660, 661, 672, 689, 732, 747, 750, 759, 793, 840, 846, 849, 856, 860, 872, 887, 909, 972, 987, 994, 1020, 1023, 1027, 1043, 1128, 1182, 1197, 1216, 1224, 1234, 1236, 1240, 1264, 1287, 1313, 1321, 1325, 1368, 1373, 1391, 1957, 1993, 2047, 2056, 2068, 4155, 4999, 5035, 5047, 5048, 5105, 5109, 5137, 5716, 6175]"
cube32_cluster0,cube39_cluster1,69,"[53, 140, 301, 337, 375, 383, 519, 601, 611, 660, 661, 670, 672, 680, 689, 699, 732, 747, 750, 759, 793, 840, 846, 849, 856, 860, 872, 887, 909, 972, 987, 994, 1020, 1023, 1027, 1043, 1128, 1182, 1197, 1216, 1224, 1234, 1236, 1240, 1264, 1287, 1313, 1321, 1325, 1368, 1373, 1391, 1577, 1957, 1993, 2047, 2056, 2068, 4155, 4188, 4999, 5035, 5047, 5048, 5105, 5109, 5137, 5716, 6175]"
cube32_cluster0,cube39_cluster2,10,"[198, 335, 1357, 1978, 1989, 2028, 2033, 4471, 5019, 5993]"
cube32_cluster1,cube38_cluster0,9,"[157, 387, 703, 811, 1049, 1134, 1161, 1238, 1279]"
cube32_cluster1,cube39_cluster0,9,"[157, 387, 703, 811, 1049, 1134, 1161, 1238, 1279]"
cube33_cluster0,cube34_cluster0,34,"[70, 219, 231, 313, 522, 570, 608, 753, 932, 1024, 1058, 1093, 1107, 1314, 1327, 1377, 1946, 1952, 1960, 2015, 2017, 2025, 2029, 2069, 2071, 2076, 2082, 4694, 5036, 5064, 5067, 5095, 5295, 6271]"
cube33_cluster0,cube39_cluster2,3,"[1989, 5019, 5993]"
cube33_cluster1,cube34_cluster1,7,"[1965, 2001, 2019, 2055, 2057, 5025, 5111]"
cube38_cluster0,cube39_cluster0,58,"[17, 157, 237, 321, 324, 353, 387, 580, 591, 592, 594, 612, 615, 617, 632, 636, 703, 729, 734, 743, 755, 809, 811, 843, 884, 944, 991, 995, 1033, 1049, 1063, 1065, 1134, 1143, 1161, 1185, 1207, 1217, 1221, 1238, 1254, 1269, 1279, 1281, 1291, 1294, 1350, 1355, 1358, 1371, 1407, 1413, 1416, 1424, 1425, 1974, 4945, 6246]"
cube38_cluster0,cube42_cluster0,7,"[612, 632, 743, 1217, 1358, 1371, 1424]"
cube38_cluster0,cube43_cluster0,7,"[612, 632, 743, 1217, 1358, 1371, 1424]"
cube38_cluster1,cube39_cluster1,63,"[53, 140, 301, 375, 383, 519, 601, 611, 660, 661, 672, 689, 732, 747, 750, 759, 793, 840, 846, 849, 856, 860, 872, 887, 909, 972, 987, 994, 1020, 1023, 1027, 1043, 1128, 1182, 1197, 1216, 1224, 1234, 1236, 1240, 1264, 1287, 1313, 1321, 1325, 1368, 1373, 1391, 1957, 1993, 2047, 2056, 2068, 4155, 4999, 5035, 5047, 5048, 5105, 5109, 5137, 5716, 6175]"
cube39_cluster0,cube42_cluster0,7,"[612, 632, 743, 1217, 1358, 1371, 1424]"
cube39_cluster0,cube43_cluster0,8,"[612, 632, 743, 1217, 1358, 1371, 1424, 2012]"
cube42_cluster0,cube43_cluster0,7,"[612, 632, 743, 1217, 1358, 1371, 1424]"
